-- phpMyAdmin SQL Dump
-- version 4.7.0
-- https://www.phpmyadmin.net/
--
-- Host: localhost:3306
-- Generation Time: Nov 04, 2018 at 05:56 PM
-- Server version: 5.6.34-log
-- PHP Version: 7.1.5

SET SQL_MODE = "NO_AUTO_VALUE_ON_ZERO";
SET AUTOCOMMIT = 0;
START TRANSACTION;
SET time_zone = "+00:00";


/*!40101 SET @OLD_CHARACTER_SET_CLIENT=@@CHARACTER_SET_CLIENT */;
/*!40101 SET @OLD_CHARACTER_SET_RESULTS=@@CHARACTER_SET_RESULTS */;
/*!40101 SET @OLD_COLLATION_CONNECTION=@@COLLATION_CONNECTION */;
/*!40101 SET NAMES utf8mb4 */;

--
-- Database: `nfl`
--

-- --------------------------------------------------------

--
-- Table structure for table `career_stats`
--

CREATE TABLE `career_stats` (
  `career_stats_id` int(11) NOT NULL,
  `player_id` int(11) NOT NULL,
  `career_pass_completions` int(255) NOT NULL,
  `career_pass_yards` int(11) NOT NULL,
  `career_pass_tds` int(11) NOT NULL,
  `career_rush_yards` int(11) NOT NULL,
  `career_rush_tds` int(11) NOT NULL,
  `career_total_rec` int(11) NOT NULL,
  `career_rec_yards` int(11) NOT NULL,
  `career_rec_tds` int(11) NOT NULL
) ENGINE=InnoDB DEFAULT CHARSET=latin1;

--
-- Dumping data for table `career_stats`
--

INSERT INTO `career_stats` (`career_stats_id`, `player_id`, `career_pass_completions`, `career_pass_yards`, `career_pass_tds`, `career_rush_yards`, `career_rush_tds`, `career_total_rec`, `career_rec_yards`, `career_rec_tds`) VALUES
(1, 1, 1493, 16950, 100, 1671, 8, 0, 0, 0),
(6, 2, 4639, 54059, 347, 559, 6, 0, 0, 0),
(7, 3, 0, 0, 0, 1111, 9, 39, 316, 1),
(8, 4, 1, 57, 1, 63, 0, 374, 5209, 40),
(10, 5, 216, 2717, 15, 31, 1, 2, -3, 0),
(11, 6, 5828, 68359, 504, 997, 18, 2, 59, 0),
(12, 7, 0, 0, 0, 10349, 66, 460, 3545, 15),
(13, 8, 1738, 19427, 114, 1156, 6, 2, 5, 0),
(14, 9, 0, 0, 0, 2237, 29, 146, 1610, 9),
(15, 10, 4358, 53355, 343, 1296, 17, 1, -11, 0),
(16, 11, 3362, 40685, 326, 2786, 25, 1, -1, 0),
(17, 12, 1795, 21265, 155, 1505, 14, 0, 0, 0),
(18, 13, 0, 19078, 132, 1442, 14, 0, 0, 0),
(19, 14, 0, 19078, 132, 1442, 14, 0, 0, 0),
(20, 15, 0, 19078, 132, 1442, 14, 0, 0, 0),
(21, 16, 0, 19078, 132, 1442, 14, 0, 0, 0),
(22, 17, 6410, 72435, 502, 745, 20, 7, 73, 1),
(23, 18, 0, 70445, 488, 736, 18, 7, 73, 1),
(24, 19, 3476, 38039, 212, 811, 16, 2, 35, 0),
(25, 20, 0, 0, 0, 5336, 35, 312, 2660, 7),
(26, 21, 0, 0, 0, 4096, 40, 159, 1654, 10),
(27, 22, 4323, 52356, 359, 572, 3, 0, -9, 0),
(28, 23, 3176, 36661, 230, 992, 14, 2, -3, 0),
(29, 24, 0, 0, 0, 5510, 46, 214, 1487, 4),
(30, 25, 3, 35, 1, 119, 0, 779, 10462, 67),
(31, 26, 0, 0, 0, 120, 0, 638, 9866, 43),
(32, 27, 0, 0, 0, 55, 0, 364, 4516, 23),
(33, 28, 3817, 44130, 275, 1090, 7, 0, 0, 0),
(34, 29, 1, 21, 0, 68, 0, 1268, 15902, 112),
(35, 29, 1, 21, 0, 68, 0, 1268, 15902, 112),
(36, 30, 0, 0, 0, 10, 0, 225, 3183, 19),
(37, 31, 0, 0, 0, 0, 0, 355, 5349, 36),
(38, 32, 0, 10, 1, -3, 0, 531, 7459, 73),
(39, 33, 0, 0, 0, 2, 1, 503, 7627, 77),
(40, 34, 0, 0, 0, 193, 1, 315, 4586, 29),
(41, 35, 0, 0, 0, -7, 0, 466, 6654, 42),
(42, 36, 1935, 23732, 177, 3352, 16, 3, 31, 1),
(43, 37, 209, 2810, 26, 129, 2, 0, 0, 0),
(44, 38, 0, 0, 0, 0, 0, 254, 3051, 18),
(45, 39, 0, 0, 0, 1135, 8, 49, 402, 1),
(46, 40, 294, 3875, 34, 499, 3, 0, 0, 0),
(47, 41, 0, 0, 0, 0, 0, 289, 3501, 32),
(48, 42, 1, 10, 0, 352, 0, 449, 5336, 40),
(49, 43, 0, 0, 0, 12863, 103, 261, 2166, 64),
(50, 44, 138, 1705, 11, 61, 1, 0, 0, 0),
(51, 45, 838, 1379, 53, 1858, 16, 2, 10, 0),
(52, 46, 0, 0, 0, 72, 0, 258, 3059, 19),
(53, 47, 0, 0, 0, 130, 0, 254, 3449, 16),
(54, 48, 1613, 18727, 115, 465, 14, 0, 0, 0),
(55, 49, 0, 0, 0, 452, 2, 20, 197, 0),
(56, 50, 0, 0, 0, 519, 5, 58, 497, 2),
(57, 51, 0, 0, 0, 3233, 25, 83, 807, 4),
(58, 52, 747, 8408, 53, 875, 14, 0, 0, 0),
(59, 53, 2509, 28541, 186, 2157, 14, 2, -3, 0),
(60, 54, 0, 0, 0, 14358, 77, 448, 3729, 18),
(61, 55, 0, 0, 0, 1163, 8, 68, 482, 3),
(62, 56, 2, 64, 1, 99, 0, 461, 4446, 20),
(63, 57, 0, 0, 0, 8, 0, 238, 3866, 30),
(64, 58, 0, 0, 0, 0, 0, 147, 2082, 8),
(65, 59, 0, 0, 0, 3602, 26, 106, 852, 1),
(66, 60, 1, 30, 0, 3446, 15, 204, 1567, 5),
(67, 61, 0, 0, 0, 42, 0, 122, 1842, 12),
(68, 62, 0, 0, 0, 79, 0, 247, 2936, 14),
(69, 63, 0, 0, 0, 12, 0, 102, 1459, 5),
(70, 64, 175, 1994, 9, 647, 4, 113, 1546, 7),
(71, 65, 1521, 17168, 97, 1076, 13, 3, 10, 0),
(72, 66, 0, 0, 0, 277, 0, 450, 4791, 26),
(73, 67, 0, 0, 0, 725, 8, 67, 573, 4),
(74, 68, 0, 0, 0, 422, 4, 4, 31, 0),
(75, 69, 0, 0, 0, 635, 4, 216, 1872, 18),
(76, 70, 0, 0, 0, 528, 6, 174, 1739, 9),
(77, 71, 0, 0, 0, 2898, 29, 68, 490, 1),
(78, 72, 0, 0, 0, 34, 0, 83, 1145, 5),
(79, 73, 1, 4, 0, 30, 0, 182, 2411, 17),
(80, 74, 75, 832, 2, 109, 3, 0, 0, 0),
(81, 75, 37, 360, 3, 26, 0, 0, 0, 0),
(82, 76, 0, 0, 0, 0, 0, 200, 2993, 20),
(83, 77, 0, 0, 0, 15, 1, 337, 3616, 23),
(84, 78, 0, 0, 0, 3055, 19, 244, 2138, 8),
(85, 79, 2402, 27636, 184, 1090, 18, 1, 18, 1),
(86, 80, 0, 0, 0, 93, 0, 601, 8900, 63),
(87, 81, 0, 0, 0, 9, 0, 7, 79, 2),
(88, 82, 0, 0, 0, 0, 0, 142, 1716, 21),
(89, 83, 0, 0, 0, 61, 0, 125, 1448, 8),
(90, 84, 0, 0, 0, 1456, 12, 48, 372, 1),
(91, 85, 0, 0, 0, 1239, 7, 124, 806, 6),
(92, 86, 0, 0, 0, 40, 0, 204, 3101, 21),
(93, 87, 0, 0, 0, 18, 0, 617, 7310, 53),
(94, 88, 0, 0, 0, 743, 9, 31, 323, 0),
(95, 89, 0, 0, 0, 0, 0, 104, 1511, 9),
(96, 90, 0, 0, 0, 0, 0, 109, 1049, 8),
(97, 91, 0, 0, 0, 3122, 26, 115, 663, 3),
(98, 92, 0, 0, 0, 1192, 5, 208, 1944, 5),
(99, 93, 0, 0, 0, 318, 3, 2, 10, 0),
(100, 94, 1, 9, 0, 119, 1, 449, 4566, 24),
(101, 95, 0, 0, 0, 1, 0, 63, 683, 6),
(102, 96, 0, 0, 0, 1792, 6, 153, 1161, 6),
(103, 97, 0, 0, 0, 14, 0, 60, 775, 4),
(104, 98, 0, 0, 0, 0, 0, 71, 1123, 4),
(105, 99, 0, 0, 0, 0, 0, 116, 1160, 11),
(106, 100, 0, 0, 0, 16, 0, 181, 2254, 20),
(107, 101, 0, 0, 0, 55, 0, 457, 7180, 38),
(108, 102, 0, 0, 0, 232, 0, 11, 51, 0),
(109, 103, 0, 0, 0, 739, 6, 27, 281, 2),
(110, 104, 0, 0, 0, 0, 0, 110, 1255, 7),
(111, 105, 0, 0, 0, 0, 0, 189, 1633, 13),
(112, 106, 0, 0, 0, 0, 1, 222, 2464, 18),
(113, 107, 886, 10506, 61, 1098, 10, 1, 41, 1),
(114, 108, 0, 0, 0, 1861, 11, 117, 916, 5),
(115, 109, 1, 8, 0, 1507, 11, 30, 322, 1),
(116, 110, 806, 1447, 45, 633, 3, 1, -16, 0),
(117, 111, 0, 0, 0, 0, 0, 64, 770, 1),
(118, 112, 0, 0, 0, 89, 1, 483, 5673, 34),
(119, 113, 0, 0, 0, 43, 0, 35, 421, 2),
(120, 114, 0, 0, 0, 4, 0, 228, 3147, 21),
(121, 115, 0, 0, 0, 17, 0, 57, 744, 3),
(122, 116, 0, 0, 0, 5395, 29, 195, 1480, 8),
(123, 117, 0, 0, 0, 6, 0, 110, 1591, 14),
(124, 118, 963, 10881, 56, 358, 4, 0, 0, 0),
(125, 119, 0, 0, 0, 531, 3, 18, 136, 1),
(126, 120, 0, 0, 0, 309, 4, 4, 21, 0),
(127, 121, 0, 0, 0, 1035, 5, 75, 621, 1),
(128, 122, 2, 43, 1, 153, 1, 514, 6816, 36),
(129, 123, 0, 0, 0, 6, 0, 665, 9055, 60),
(130, 124, 0, 0, 0, 0, 0, 17, 324, 2),
(131, 125, 0, 0, 0, 1919, 13, 73, 717, 8),
(132, 126, 0, 0, 0, 1440, 9, 48, 541, 2),
(133, 127, 0, 0, 0, 371, 3, 180, 2481, 20),
(134, 128, 0, 0, 0, 59, 0, 226, 3505, 28),
(135, 129, 0, 0, 0, 2, 0, 351, 4542, 26),
(136, 130, 0, 0, 0, 3209, 24, 162, 1366, 9),
(137, 131, 0, 0, 0, 565, 2, 46, 512, 6),
(138, 132, 0, 0, 0, 246, 0, 193, 2943, 18),
(139, 133, 0, 0, 0, 16, 0, 32, 420, 3),
(140, 134, 0, 0, 0, 15, 0, 134, 2305, 16),
(141, 135, 0, 0, 0, 3, 0, 80, 911, 5),
(142, 136, 0, 0, 0, 0, 0, 939, 11621, 115),
(143, 137, 0, 0, 0, 0, 0, 81, 1057, 12),
(144, 138, 1, 8, 1, 10379, 84, 287, 2214, 9),
(145, 139, 0, 0, 0, 4853, 26, 137, 1133, 2),
(146, 140, 0, 0, 0, 816, 2, 99, 798, 3),
(147, 141, 1582, 16888, 113, 407, 1, 0, 0, 0),
(148, 142, 0, 0, 0, 0, 0, 395, 5062, 22),
(149, 143, 0, 0, 0, 0, 0, 575, 8201, 72),
(150, 144, 0, 0, 0, 92, 1, 142, 2166, 17),
(151, 145, 0, 0, 0, 2516, 13, 63, 419, 1),
(152, 146, 0, 0, 0, 488, 6, 24, 238, 2),
(153, 147, 0, 0, 0, 743, 3, 34, 301, 2),
(154, 148, 0, 0, 0, 3376, 22, 536, 4678, 30),
(155, 149, 887, 10203, 62, 357, 5, 1, 10, 0),
(156, 150, 1, 15, 0, 53, 0, 162, 1788, 12),
(157, 151, 0, 0, 0, 0, 0, 382, 4308, 24),
(158, 152, 803, 8866, 62, 538, 2, 1, 7, 0),
(159, 153, 0, 0, 0, 138, 0, 390, 5679, 39),
(160, 154, 3021, 33449, 191, 2530, 15, 3, -7, 0),
(161, 155, 0, 0, 0, 991, 5, 157, 1335, 10),
(162, 156, 0, 0, 0, 906, 9, 16, 100, 1),
(163, 157, 0, 0, 0, 69, 0, 205, 2374, 13),
(164, 158, 0, 0, 0, 18, 0, 304, 3119, 23),
(165, 159, 0, 0, 0, 14, 0, 113, 1548, 10),
(166, 160, 0, 0, 0, -14, 0, 53, 727, 6),
(167, 161, 0, 0, 0, 15, 0, 558, 7242, 61),
(168, 162, 0, 0, 0, 0, 0, 0, 0, 0),
(169, 163, 0, 0, 0, 1293, 9, 201, 1819, 14),
(170, 164, 0, 0, 0, 7, 0, 287, 2949, 22),
(171, 165, 0, 0, 0, 0, 0, 10, 190, 1),
(172, 166, 0, 0, 0, 0, 0, 202, 2827, 22),
(173, 167, 0, 0, 0, 19, 0, 232, 3377, 20),
(174, 168, 0, 0, 0, 278, 4, 22, 212, 1),
(175, 169, 0, 0, 0, 7335, 51, 162, 1295, 7),
(176, 170, 0, 0, 0, 524, 0, 42, 255, 1),
(177, 171, 0, 0, 0, 24, 0, 81, 867, 8),
(178, 172, 0, 0, 0, 35, 0, 164, 1956, 12),
(179, 173, 0, 0, 0, 1, 0, 41, 553, 3),
(180, 174, 0, 0, 0, 793, 5, 33, 319, 2),
(181, 175, 0, 0, 0, 849, 7, 97, 826, 3),
(182, 176, 0, 0, 0, 0, 0, 55, 758, 4),
(183, 177, 0, 0, 0, 3, 0, 584, 7170, 70),
(184, 178, 259, 2949, 11, 419, 5, 0, 0, 0),
(185, 179, 0, 0, 0, 3506, 32, 123, 858, 0),
(186, 180, 0, 0, 0, 0, 0, 354, 3474, 39),
(187, 181, 0, 0, 0, 0, 0, 46, 431, 1),
(188, 182, 0, 0, 0, 466, 1, 21, 158, 0),
(189, 183, 0, 0, 0, 6058, 54, 58, 424, 2),
(190, 184, 0, 0, 0, 882, 5, 247, 1992, 14),
(191, 185, 1, 23, 1, 208, 0, 581, 6936, 37),
(192, 186, 1573, 17463, 104, 1011, 5, 1, -4, 0),
(193, 187, 0, 0, 0, 9, 0, 58, 954, 6),
(194, 188, 0, 0, 0, 148, 0, 276, 4147, 33),
(195, 189, 0, 0, 0, 0, 0, 98, 1187, 11),
(196, 190, 0, 0, 0, 2827, 18, 63, 510, 1),
(197, 191, 351, 4007, 22, 544, 4, 0, 0, 0),
(198, 192, 1, 21, 1, 594, 3, 83, 751, 4),
(199, 193, 0, 0, 0, 146, 1, 166, 2200, 10),
(200, 194, 0, 0, 0, 12, 0, 90, 972, 10),
(201, 195, 0, 0, 0, 0, 0, 227, 3133, 24),
(202, 196, 0, 0, 0, 7, 0, 14, 161, 3),
(203, 197, 0, 0, 0, 12, 0, 146, 1631, 15),
(204, 198, 0, 0, 0, 996, 5, 27, 179, 1),
(205, 199, 0, 0, 0, 1986, 8, 185, 1340, 5),
(206, 200, 0, 0, 0, 437, 4, 574, 10081, 53),
(207, 201, 0, 0, 0, 0, 0, 62, 865, 5),
(208, 202, 0, 0, 0, 0, 0, 50, 851, 9),
(209, 203, 0, 0, 0, 0, 0, 140, 1670, 20),
(210, 204, 1035, 12817, 75, 624, 9, 0, 0, 0),
(211, 205, 0, 0, 0, 1136, 15, 128, 1219, 7),
(212, 206, 0, 0, 0, 1291, 16, 17, 103, 1),
(213, 207, 1, 10, 0, 468, 2, 374, 5207, 31),
(214, 208, 0, 0, 0, 10, 0, 518, 5715, 43),
(215, 209, 0, 0, 0, 1850, 16, 75, 871, 8),
(216, 210, 0, 0, 0, 3316, 30, 198, 1605, 7),
(217, 211, 6, 228, 3, 164, 2, 302, 3473, 23),
(218, 212, 0, 0, 0, 13, 0, 27, 392, 6),
(219, 213, 2098, 24887, 133, 360, 4, 1, -6, 0),
(220, 214, 0, 0, 0, 0, 0, 101, 1118, 8),
(221, 215, 0, 0, 0, 878, 3, 124, 951, 7),
(222, 216, 2159, 26720, 171, 4629, 58, 1, 33, 0),
(223, 217, 0, 0, 0, 3155, 20, 104, 883, 5),
(224, 218, 0, 0, 0, 85, 0, 18, 281, 1),
(225, 219, 0, 0, 0, 0, 0, 149, 2085, 20),
(226, 220, 0, 0, 0, 45, 0, 318, 5122, 41),
(227, 221, 0, 0, 0, 0, 0, 651, 7698, 55),
(228, 222, 579, 7318, 50, 129, 2, 0, 0, 0),
(229, 223, 0, 0, 0, 25, 0, 92, 1307, 10),
(230, 224, 0, 0, 0, 124, 0, 305, 3904, 20),
(231, 225, 0, 0, 0, 0, 0, 42, 450, 3),
(232, 226, 0, 0, 0, 5716, 32, 62, 483, 0),
(233, 227, 0, 0, 0, 906, 4, 30, 246, 2),
(234, 228, 0, 0, 0, 0, 0, 82, 1128, 5),
(235, 229, 0, 0, 0, 72, 0, 627, 7843, 38),
(236, 230, 0, 0, 0, 0, 0, 2, 61, 1),
(237, 231, 0, 0, 0, 76, 0, 115, 1982, 11),
(238, 232, 1855, 19449, 103, 340, 2, 1, 5, 0),
(239, 233, 0, 0, 0, 12, 0, 31, 410, 2),
(240, 234, 0, 0, 0, 135, 0, 6, 62, 0),
(241, 235, 0, 0, 0, 665, 2, 15, 139, 1),
(242, 236, 0, 0, 0, 223, 1, 162, 2210, 15),
(243, 237, 0, 0, 0, 118, 0, 970, 12351, 83),
(244, 238, 0, 0, 0, 195, 1, 26, 317, 0),
(245, 239, 0, 0, 0, 0, 0, 8, 156, 2),
(246, 240, 1, 15, 1, 6, 0, 452, 6063, 44),
(247, 241, 0, 0, 0, 0, 0, 93, 1250, 11),
(248, 242, 130, 1471, 8, 91, 0, 0, 0, 0),
(249, 243, 0, 0, 0, 7, 0, 21, 236, 2),
(250, 244, 0, 0, 0, 4, 0, 49, 633, 3),
(251, 245, 0, 0, 0, 15, 0, 237, 3114, 16),
(252, 246, 0, 0, 0, 1, 0, 88, 867, 6),
(253, 247, 0, 0, 0, 0, 0, 18, 188, 3),
(254, 248, 1, 52, 1, 98, 1, 150, 1935, 11),
(255, 249, 0, 0, 0, 722, 6, 15, 63, 0),
(256, 250, 94, 1072, 5, 48, 0, 0, 0, 0),
(257, 251, 0, 0, 0, 0, 0, 31, 417, 4),
(258, 252, 0, 0, 0, 0, 0, 101, 1375, 9),
(259, 253, 0, 0, 0, 0, 0, 21, 196, 1),
(260, 254, 0, 0, 0, 238, 1, 34, 187, 2),
(261, 255, 0, 0, 0, 8, 0, 74, 852, 2),
(262, 256, 0, 0, 0, 14, 0, 61, 481, 2),
(263, 257, 2, 54, 0, 123, 1, 2, 1, 0),
(264, 258, 225, 2682, 12, 205, 4, 0, 0, 0),
(265, 259, 0, 0, 0, 118, 3, 12, 95, 0),
(266, 260, 0, 0, 0, 42, 1, 6, 34, 0),
(267, 261, 909, 10878, 60, 226, 5, 0, 0, 0),
(268, 262, 0, 0, 0, 0, 0, 10, 191, 2),
(269, 263, 1, 50, 1, 13, 0, 187, 2361, 8),
(270, 264, 6, 75, 1, 129, 1, 0, 0, 0);

-- --------------------------------------------------------

--
-- Table structure for table `players`
--

CREATE TABLE `players` (
  `player_id` int(255) NOT NULL,
  `player_firstname` varchar(50) NOT NULL,
  `player_lastname` varchar(255) NOT NULL,
  `player_position` varchar(20) NOT NULL,
  `player_team_id` varchar(50) NOT NULL,
  `player_image` varchar(255) NOT NULL,
  `player_twitter` varchar(30) NOT NULL
) ENGINE=InnoDB DEFAULT CHARSET=latin1;

--
-- Dumping data for table `players`
--

INSERT INTO `players` (`player_id`, `player_firstname`, `player_lastname`, `player_position`, `player_team_id`, `player_image`, `player_twitter`) VALUES
(1, 'Blake', 'Bortles', '1', '15', 'http://static.nfl.com/static/content/public/static/img/fantasy/transparent/200x200/BOR650964.png', '@BBortles5'),
(2, 'Eli', 'Manning', '1', '23', 'http://static.nfl.com/static/content/public/static/img/fantasy/transparent/200x200/MAN473170.png', ''),
(3, 'Leonard', 'Fournette', '2', '15', 'http://static.nfl.com/static/content/public/static/img/fantasy/transparent/200x200/FOU564970.png', '@_fournette'),
(4, 'Odell', 'Beckham Jr.', '3', '23', 'http://static.nfl.com/static/content/public/static/img/fantasy/transparent/200x200/BEC573252.png', '@OBJ_3'),
(5, 'Jimmy', 'Garoppolo', '1', '28', 'http://static.nfl.com/static/content/public/static/img/fantasy/transparent/200x200/GAR363225.png', '@JimmyG_10'),
(6, 'Tom', 'Brady', '1', '21', 'http://static.nfl.com/static/content/public/static/img/fantasy/transparent/200x200/BRA371156.png', ''),
(7, 'LeSean', 'McCoy', '2', '4', 'http://static.nfl.com/static/content/public/static/img/fantasy/transparent/200x200/MCC620232.png', '@CutonDime25'),
(8, 'Ryan', 'Tannehill', '1', '19', 'http://static.nfl.com/static/content/public/static/img/fantasy/transparent/200x200/TAN298716.png', '@ryantannehill1'),
(9, 'David', 'Johnson', '2', '1', 'http://static.nfl.com/static/content/public/static/img/fantasy/transparent/200x200/JOH174477.png', '@DavidJohnson31'),
(10, 'Ben ', 'Roethlisberger  ', '1', '27', 'http://static.nfl.com/static/content/public/static/img/fantasy/transparent/200x200/ROE750381.png', '@_BigBen7'),
(11, 'Aaron', 'Rodgers', '1', '12', 'http://static.nfl.com/static/content/public/static/img/fantasy/transparent/200x200/ROD339293.png', '@AaronRodgers12'),
(12, 'Andrew', 'Luck', '1', '14', 'http://static.nfl.com/static/content/public/static/img/fantasy/transparent/200x200/LUC524055.png', ''),
(17, 'Drew', 'Brees', '1', '22', 'http://static.nfl.com/static/content/public/static/img/fantasy/transparent/200x200/BRE229498.png', '@drewbrees'),
(19, 'Joe', 'Flacco', '1', '3', 'http://static.nfl.com/static/content/public/static/img/fantasy/transparent/200x200/FLA009602.png', '@JoeFlacco'),
(20, 'Le\'Veon', 'Bell', '2', '27', 'http://static.nfl.com/static/content/public/static/img/fantasy/transparent/200x200/BEL474300.png', '@LeVeonBell'),
(21, 'Todd ', 'Gurley II', '2', '18', 'http://static.nfl.com/static/content/public/static/img/fantasy/transparent/200x200/GUR000000.png', '@TG3II'),
(22, 'Philip', 'Rivers', '1', '17', 'http://static.nfl.com/static/content/public/static/img/fantasy/transparent/200x200/RIV651634.png', ''),
(23, 'Matthew', 'Stafford', '1', '11', 'http://static.nfl.com/static/content/public/static/img/fantasy/transparent/200x200/STA134157.png', ''),
(24, 'Mark', 'Ingram II', '2', '22', 'http://static.nfl.com/static/content/public/static/img/fantasy/transparent/200x200/ING656964.png', '@MarkIngram22'),
(25, 'Antonio', 'Brown', '3', '27', 'http://static.nfl.com/static/content/public/static/img/fantasy/transparent/200x200/BRO000001.png', '@AB84'),
(26, 'Julio', 'Jones', '3', '2', 'http://static.nfl.com/static/content/public/static/img/fantasy/transparent/200x200/JON640315.png', '@juliojones_11'),
(27, 'Keenan', 'Allen', '3', '17', 'http://static.nfl.com/static/content/public/static/img/fantasy/transparent/200x200/ALL532966.png', '@Keenan13Allen'),
(28, 'Matt', 'Ryan', '1', '2', 'http://static.nfl.com/static/content/public/static/img/fantasy/transparent/200x200/RYA238179.png', '@M_Ryan02'),
(29, 'Larry', 'Fitzgerald', '3', '1', 'http://static.nfl.com/static/content/public/static/img/fantasy/transparent/200x200/FIT437493.png', '@LarryFitzgerald'),
(30, 'Amari', 'Cooper', '3', '9', 'http://static.nfl.com/static/content/public/static/img/fantasy/transparent/200x200/COO487703.png', '@AmariCooper9'),
(31, 'Mike', 'Evans', '3', '30', 'http://static.nfl.com/static/content/public/static/img/fantasy/transparent/200x200/EVA534309.png', '@MikeEvans13_'),
(32, 'Dez', 'Bryant', '3', '', 'http://static.nfl.com/static/content/public/static/img/fantasy/transparent/200x200/BRY336027.png', '@DezBryant'),
(33, 'Rob', 'Gronkowski', '4', '21', 'http://static.nfl.com/static/content/public/static/img/fantasy/transparent/200x200/GRO135948.png', '@RobGronkowski'),
(34, 'Brandin', 'Cooks', '3', '18', 'http://static.nfl.com/static/content/public/static/img/fantasy/transparent/200x200/COO299382.png', '@brandincooks'),
(35, 'DeAndre ', 'Hopkins  ', '3', '13', 'http://static.nfl.com/static/content/public/static/img/fantasy/transparent/200x200/HOP161500.png', '@DeAndreHopkins'),
(36, 'Russell', 'Wilson', '1', '29', 'http://static.nfl.com/static/content/public/static/img/fantasy/transparent/200x200/WIL777781.png', '@DangeRussWilson'),
(37, 'Patrick', 'Mahomes', '1', '16', 'http://static.nfl.com/static/content/public/static/img/fantasy/transparent/200x200/MAH401939.png', '@PatrickMahomes5\r\n'),
(38, 'Michael', 'Thomas', '3', '22', 'http://static.nfl.com/static/content/public/static/img/fantasy/transparent/200x200/THO308912.png', '@Cantguardmike'),
(39, 'Joe', 'Mixon', '2', '7', 'http://static.nfl.com/static/content/public/static/img/fantasy/transparent/200x200/MIX564388.png', '@Joe_MainMixon'),
(40, 'Deshaun', 'Watson', '1', '13', 'http://static.nfl.com/static/content/public/static/img/fantasy/transparent/200x200/WAT338355.png', '@deshaunwatson'),
(41, 'Davante', 'Adams', '3', '12', 'http://static.nfl.com/static/content/public/static/img/fantasy/transparent/200x200/ADA218591.png', '@tae15adams'),
(42, 'Randall', 'Cobb ', '3', '12', 'http://static.nfl.com/static/content/public/static/img/fantasy/transparent/200x200/COB365535.png', '@rcobb18'),
(43, 'Adrian', 'Peterson', '2', '32', 'http://static.nfl.com/static/content/public/static/img/fantasy/transparent/200x200/PET260705.png', '@AdrianPeterson'),
(44, 'Sam', 'Darnold', '1', '24', 'http://static.nfl.com/static/content/public/static/img/fantasy/transparent/200x200/DAR466141.png', ''),
(45, 'Tyrod', 'Taylor', '1', '8', 'http://static.nfl.com/static/content/public/static/img/fantasy/transparent/200x200/TAY764868.png', '@TyrodTaylor'),
(46, 'Stefon', 'Diggs', '3', '20', 'http://static.nfl.com/static/content/public/static/img/fantasy/transparent/200x200/DIG218895.png', '@stefondiggs'),
(47, 'Adam', 'Thielen', '3', '20', 'http://static.nfl.com/static/content/public/static/img/fantasy/transparent/200x200/THI510348.png', '@athielen19'),
(48, 'Kirk', 'Cousins', '1', '20', 'http://static.nfl.com/static/content/public/static/img/fantasy/transparent/200x200/COU709400.png', '@KirkCousins8'),
(49, 'Dalvin', 'Cook', '2', '20', 'http://static.nfl.com/static/content/public/static/img/fantasy/transparent/200x200/COO047079.png', '@dalvincook'),
(50, 'Saquon', 'Barkley', '2', '23', 'http://static.nfl.com/static/content/public/static/img/fantasy/transparent/200x200/BAR192674.png', '@saquon'),
(51, 'Ezekiel', 'Elliott', '2', '9', 'http://static.nfl.com/static/content/public/static/img/fantasy/transparent/200x200/ELL289284.png', '@EzekielElliott'),
(52, 'Dak', 'Prescott', '1', '9', 'http://static.nfl.com/static/content/public/static/img/fantasy/transparent/200x200/PRE285723.png', '@dak'),
(53, 'Ryan', 'Fitzpatrick', '1', '30', 'http://static.nfl.com/static/content/public/static/img/fantasy/transparent/200x200/FIT792915.png', ''),
(54, 'Frank ', 'Gore', '2', '19', 'http://static.nfl.com/static/content/public/static/img/fantasy/transparent/200x200/GOR411171.png', '@frankgore'),
(55, 'Kenyan ', 'Drake', '2', '19', 'http://static.nfl.com/static/content/public/static/img/fantasy/transparent/200x200/DRA280410.png', '@KDx32'),
(56, 'Danny ', 'Amendola', '3', '19', 'http://static.nfl.com/static/content/public/static/img/fantasy/transparent/200x200/AME359918.png', '@DannyAmendola'),
(57, 'Kenny ', 'Stills', '3', '19', 'http://static.nfl.com/static/content/public/static/img/fantasy/transparent/200x200/STI417540.png', '@KSTiLLS'),
(58, 'DeVante ', 'Parker', '3', '19', 'http://static.nfl.com/static/content/public/static/img/fantasy/transparent/200x200/PAR226609.png', '@DeVanteParker11'),
(59, 'Isaiah ', 'Crowell', '2', '24', 'http://static.nfl.com/static/content/public/static/img/fantasy/transparent/200x200/CRO734794.png', '@IsaiahCrowell34'),
(60, 'Bilal ', 'Powell  ', '2', '24', 'http://static.nfl.com/static/content/public/static/img/fantasy/transparent/200x200/POW162772.png', '@bilalpowell29'),
(61, 'Robby ', 'Anderson', '3', '24', 'http://static.nfl.com/static/content/public/static/img/fantasy/transparent/200x200/AND460305.png', '@youngamazing9'),
(62, 'Andre ', 'Roberts', '3', '24', 'http://static.nfl.com/static/content/public/static/img/fantasy/transparent/200x200/ROB102317.png', '@AndreRoberts'),
(63, 'Quincy ', 'Enunwa', '3', '24', 'http://static.nfl.com/static/content/public/static/img/fantasy/transparent/200x200/ENU444955.png', '@QuincyEnunwa'),
(64, 'Terrelle ', 'Pryor', '3', '24', 'http://static.nfl.com/static/content/public/static/img/fantasy/transparent/200x200/PRY474541.png', '@TerrellePryor'),
(65, 'Josh ', 'McCown', '1', '24', 'http://static.nfl.com/static/content/public/static/img/fantasy/transparent/200x200/MCC600777.png', '@JoshMcCown12'),
(66, 'Julian ', 'Edelman', '3', '21', 'http://static.nfl.com/static/content/public/static/img/fantasy/transparent/200x200/EDE425791.png', '@Edelman11'),
(67, 'Rex ', 'Burkhead', '2', '21', 'http://static.nfl.com/static/content/public/static/img/fantasy/transparent/200x200/BUR268979.png', '@RBrex34'),
(68, 'Sony ', 'Michel', '2', '21', 'http://static.nfl.com/static/content/public/static/img/fantasy/transparent/200x200/MIC517884.png', '@Flyguy2stackz'),
(69, 'James ', 'White', '2', '21', 'http://static.nfl.com/static/content/public/static/img/fantasy/transparent/200x200/WHI242257.png', '@SweetFeet_White'),
(70, 'Cordarrelle ', 'Patterson', '3', '21', 'http://static.nfl.com/static/content/public/static/img/fantasy/transparent/200x200/PAT387075.png', '@ceeflashpee84'),
(71, 'Jeremy ', 'Hill', '2', '21', 'http://static.nfl.com/static/content/public/static/img/fantasy/transparent/200x200/HIL407410.png', '@JeremyHill33'),
(72, 'Phillip ', 'Dorsett', '3', '21', 'http://static.nfl.com/static/content/public/static/img/fantasy/transparent/200x200/DOR488199.png', '@Dorsett_4'),
(73, 'Chris ', 'Hogan', '3', '21', 'http://static.nfl.com/static/content/public/static/img/fantasy/transparent/200x200/HOG008552.png', '@ChrisHogan_15'),
(74, 'Josh ', 'Allen', '1', '4', 'http://static.nfl.com/static/content/public/static/img/fantasy/transparent/200x200/ALL529264.png', '@JoshAllenQB'),
(75, 'Nathan ', 'Peterman', '1', '4', 'http://static.nfl.com/static/content/public/static/img/fantasy/transparent/200x200/PET071806.png', '@NatePeterman'),
(76, 'Kelvin ', 'Benjamin', '3', '4', 'http://static.nfl.com/static/content/public/static/img/fantasy/transparent/200x200/BEN150538.png', '@kelvinbenjamin'),
(77, 'Charles ', 'Clay', '4', '4', 'http://static.nfl.com/static/content/public/static/img/fantasy/transparent/200x200/CLA715825.png', '@C42Clay'),
(78, 'Giovani ', 'Bernard', '2', '7', 'http://static.nfl.com/static/content/public/static/img/fantasy/transparent/200x200/BER219765.png', '@G_Bernard25'),
(79, 'Andy ', 'Dalton', '1', '7', 'http://static.nfl.com/static/content/public/static/img/fantasy/transparent/200x200/DAL659900.png', '@andydalton14'),
(80, 'A.J. ', 'Green', '3', '7', 'http://static.nfl.com/static/content/public/static/img/fantasy/transparent/200x200/GRE034604.png', '@ajgreen_18'),
(81, 'John ', 'Ross', '3', '7', 'http://static.nfl.com/static/content/public/static/img/fantasy/transparent/200x200/ROS616450.png', '@WatchJRoss'),
(82, 'Tyler ', 'Eifert', '4', '7', 'http://static.nfl.com/static/content/public/static/img/fantasy/transparent/200x200/EIF131143.png', '@tylereifert'),
(83, 'Tyler ', 'Boyd', '3', '7', 'http://static.nfl.com/static/content/public/static/img/fantasy/transparent/200x200/BOY378353.png', '@boutdat_23'),
(84, 'Alex ', 'Collins', '2', '3', 'http://static.nfl.com/static/content/public/static/img/fantasy/transparent/200x200/COL479374.png', '@Budda03'),
(85, 'Javorius ', 'Allen', '2', '3', 'http://static.nfl.com/static/content/public/static/img/fantasy/transparent/200x200/ALL469092.png', '@realbuckallen'),
(86, 'John ', 'Brown', '3', '3', 'http://static.nfl.com/static/content/public/static/img/fantasy/transparent/200x200/BRO494712.png', '@Jwalk_back12'),
(87, 'Michael ', 'Crabtree', '3', '3', 'http://static.nfl.com/static/content/public/static/img/fantasy/transparent/200x200/CRA111040.png', '@KingCrab15'),
(88, 'James ', 'Conner', '2', '27', 'http://static.nfl.com/static/content/public/static/img/fantasy/transparent/200x200/CON461999.png', '@JamesConner_'),
(89, 'JuJu ', 'Smith-Schuster', '3', '27', 'http://static.nfl.com/static/content/public/static/img/fantasy/transparent/200x200/SMI829709.png', '@TeamJuJu'),
(90, 'Jesse ', 'James', '4', '27', 'http://static.nfl.com/static/content/public/static/img/fantasy/transparent/200x200/JAM239797.png', '@JJames18_'),
(91, 'Carlos ', 'Hyde', '2', '15', 'http://static.nfl.com/static/content/public/static/img/fantasy/transparent/200x200/HYD402541.png', '@elguapo'),
(92, 'Duke ', 'Johnson', '2', '8', 'http://static.nfl.com/static/content/public/static/img/fantasy/transparent/200x200/JOH000009.png', '@DukeJohnson_8'),
(93, 'Nick ', 'Chubb', '2', '8', 'http://static.nfl.com/static/content/public/static/img/fantasy/transparent/200x200/CHU033942.png', '@NickChubb21'),
(94, 'Jarvis ', 'Landry', '3', '8', 'http://static.nfl.com/static/content/public/static/img/fantasy/transparent/200x200/LAN163029.png', '@God_Son80'),
(95, 'David ', 'Njoku', '4', '8', 'http://static.nfl.com/static/content/public/static/img/fantasy/transparent/200x200/NJO355964.png', '@David_Njoku80'),
(96, 'T.J. ', 'Yeldon', '2', '15', 'http://static.nfl.com/static/content/public/static/img/fantasy/transparent/200x200/YEL060186.png', '@T_Yeldon'),
(97, 'Dede ', 'Westbrook', '3', '15', 'http://static.nfl.com/static/content/public/static/img/fantasy/transparent/200x200/WES551470.png', '@DedeTHEGreat11'),
(98, 'Keelan ', 'Cole', '3', '15', 'http://static.nfl.com/static/content/public/static/img/fantasy/transparent/200x200/COL130738.png', '@Air4Cole'),
(99, 'Austin ', 'Seferian-Jenkins', '4', '15', 'http://static.nfl.com/static/content/public/static/img/fantasy/transparent/200x200/SEF177981.png', '@Aesj88'),
(100, 'Donte ', 'Moncrief', '3', '15', 'http://static.nfl.com/static/content/public/static/img/fantasy/transparent/200x200/MON117004.png', '@drm_12'),
(101, 'T.Y. ', 'Hilton', '3', '14', 'http://static.nfl.com/static/content/public/static/img/fantasy/transparent/200x200/HIL775449.png', '@TYHilton13'),
(102, 'Jordan ', 'Wilkins', '2', '14', 'http://static.nfl.com/static/content/public/static/img/fantasy/transparent/200x200/WIL088337.png', '@jordanwilkins2'),
(103, 'Marlon ', 'Mack', '2', '14', 'http://static.nfl.com/static/content/public/static/img/fantasy/transparent/200x200/MAC338783.png', '@Marlon_Mack25'),
(104, 'Ryan ', 'Grant', '3', '14', 'http://static.nfl.com/static/content/public/static/img/fantasy/transparent/200x200/GRA498062.png', ''),
(105, 'Jack ', 'Doyle', '4', '14', 'http://static.nfl.com/static/content/public/static/img/fantasy/transparent/200x200/DOY403968.png', '@doylejack84'),
(106, 'Eric ', 'Ebron', '4', '14', 'http://static.nfl.com/static/content/public/static/img/fantasy/transparent/200x200/EBR474619.png', '@Ebron85'),
(107, 'Marcus ', 'Mariota', '1', '31', 'http://static.nfl.com/static/content/public/static/img/fantasy/transparent/200x200/MAR186347.png', ''),
(108, 'Dion ', 'Lewis', '2', '31', 'http://static.nfl.com/static/content/public/static/img/fantasy/transparent/200x200/LEW218646.png', '@DionLewisRB'),
(109, 'Derrick ', 'Henry', '2', '31', 'http://static.nfl.com/static/content/public/static/img/fantasy/transparent/200x200/HEN602843.png', '@KingHenry_2'),
(110, 'Blaine ', 'Gabbert', '1', '31', 'http://static.nfl.com/static/content/public/static/img/fantasy/transparent/200x200/GAB221145.png', '@BlaineGabbert'),
(111, 'Corey ', 'Davis', '3', '31', 'http://static.nfl.com/static/content/public/static/img/fantasy/transparent/200x200/DAV247957.png', '@TheCDavis84'),
(112, 'Delanie ', 'Walker', '4', '31', 'http://static.nfl.com/static/content/public/static/img/fantasy/transparent/200x200/WAL115671.png', '@delaniewalker82'),
(113, 'Taywan ', 'Taylor', '3', '31', 'http://static.nfl.com/static/content/public/static/img/fantasy/transparent/200x200/TAY716250.png', '@SilentGrind2'),
(114, 'Rishard ', 'Matthews', '3', '31', 'http://static.nfl.com/static/content/public/static/img/fantasy/transparent/200x200/MAT576281.png', ''),
(115, 'Tajae ', 'Sharpe', '3', '31', 'http://static.nfl.com/static/content/public/static/img/fantasy/transparent/200x200/SHA495155.png', '@Show19ine'),
(116, 'Lamar ', 'Miller', '2', '13', 'http://static.nfl.com/static/content/public/static/img/fantasy/transparent/200x200/MIL373118.png', '@millertime_6'),
(117, 'Will ', 'Fuller V', '3', '13', 'http://static.nfl.com/static/content/public/static/img/fantasy/transparent/200x200/FUL503598.png', '@Will_Fuller7'),
(118, 'Case ', 'Keenum', '1', '10', 'http://static.nfl.com/static/content/public/static/img/fantasy/transparent/200x200/KEE690598.png', '@casekeenum'),
(119, 'Phillip ', 'Lindsay', '2', '10', 'http://static.nfl.com/static/content/public/static/img/fantasy/transparent/200x200/LIN303086.png', '@I_CU_boy'),
(120, 'Royce ', 'Freeman', '2', '10', 'http://static.nfl.com/static/content/public/static/img/fantasy/transparent/200x200/FRE376456.png', '@rolls_royce21'),
(121, 'Devontae ', 'Booker', '2', '10', 'http://static.nfl.com/static/content/public/static/img/fantasy/transparent/200x200/BOO019902.png', '@dbook23'),
(122, 'Emmanuel ', 'Sanders', '3', '10', 'http://static.nfl.com/static/content/public/static/img/fantasy/transparent/200x200/SAN295989.png', '@ESanders_10'),
(123, 'Demaryius ', 'Thomas', '3', '10', 'http://static.nfl.com/static/content/public/static/img/fantasy/transparent/200x200/THO095855.png', '@DemaryiusT'),
(124, 'Courtland ', 'Sutton', '3', '10', 'http://static.nfl.com/static/content/public/static/img/fantasy/transparent/200x200/SUT333526.png', '@SuttonCourtland'),
(125, 'Kareem ', 'Hunt', '2', '16', 'http://static.nfl.com/static/content/public/static/img/fantasy/transparent/200x200/HUN308934.png', '@Kareemhunt7'),
(126, 'Spencer ', 'Ware', '2', '16', 'http://static.nfl.com/static/content/public/static/img/fantasy/transparent/200x200/WAR371408.png', '@spenceware11'),
(127, 'Tyreek ', 'Hill', '3', '16', 'http://static.nfl.com/static/content/public/static/img/fantasy/transparent/200x200/HIL628694.png', '@cheetah'),
(128, 'Sammy ', 'Watkins', '3', '16', 'http://static.nfl.com/static/content/public/static/img/fantasy/transparent/200x200/WAT270480.png', '@sammywatkins'),
(129, 'Travis ', 'Kelce', '4', '16', 'http://static.nfl.com/static/content/public/static/img/fantasy/transparent/200x200/KEL012458.png', '@tkelce'),
(130, 'Melvin ', 'Gordon', '2', '17', 'http://static.nfl.com/static/content/public/static/img/fantasy/transparent/200x200/GOR275321.png', '@Melvingordon25'),
(131, 'Austin ', 'Ekeler', '2', '17', 'http://static.nfl.com/static/content/public/static/img/fantasy/transparent/200x200/EKE189430.png', '@AustinEkeler'),
(132, 'Travis ', 'Benjamin', '3', '17', 'http://static.nfl.com/static/content/public/static/img/fantasy/transparent/200x200/BEN162218.png', '@TravisBenjamin3'),
(133, 'Mike ', 'Williams', '3', '17', 'http://static.nfl.com/static/content/public/static/img/fantasy/transparent/200x200/WIL000009.png', '@darealmike_dub'),
(134, 'Tyrell ', 'Williams', '3', '17', 'http://static.nfl.com/static/content/public/static/img/fantasy/transparent/200x200/WIL547641.png', '@TyrellWilliams_'),
(135, 'Virgil ', 'Green', '4', '17', 'http://static.nfl.com/static/content/public/static/img/fantasy/transparent/200x200/GRE378950.png', '@VGreen85'),
(136, 'Antonio ', 'Gates', '4', '17', 'http://static.nfl.com/static/content/public/static/img/fantasy/transparent/200x200/GAT194627.png', '@AntonioGates85'),
(137, 'Hunter ', 'Henry', '4', '17', 'http://static.nfl.com/static/content/public/static/img/fantasy/transparent/200x200/HEN617052.png', '@Hunter_Henry84'),
(138, 'Marshawn ', 'Lynch', '2', '25', 'http://static.nfl.com/static/content/public/static/img/fantasy/transparent/200x200/LYN442976.png', '@MoneyLynch'),
(139, 'Doug ', 'Martin', '2', '25', 'http://static.nfl.com/static/content/public/static/img/fantasy/transparent/200x200/MAR578568.png', '@DougMartin22'),
(140, 'Jalen ', 'Richard', '2', '25', 'http://static.nfl.com/static/content/public/static/img/fantasy/transparent/200x200/RIC215247.png', '@RocketRich30'),
(141, 'Derek ', 'Carr', '1', '25', 'http://static.nfl.com/static/content/public/static/img/fantasy/transparent/200x200/CAR358797.png', '@derekcarrqb'),
(142, 'Jared ', 'Cook', '4', '25', 'http://static.nfl.com/static/content/public/static/img/fantasy/transparent/200x200/COO152641.png', '@JaredCook89'),
(143, 'Jordy ', 'Nelson', '3', '25', 'http://static.nfl.com/static/content/public/static/img/fantasy/transparent/200x200/NEL517441.png', '@JordyRNelson'),
(144, 'Martavis ', 'Bryant', '3', '25', 'http://static.nfl.com/static/content/public/static/img/fantasy/transparent/200x200/BRY499889.png', '@martavis1212'),
(145, 'Jay ', 'Ajayi', '2', '26', 'http://static.nfl.com/static/content/public/static/img/fantasy/transparent/200x200/AJA771256.png', '@JayTrain'),
(146, 'Corey ', 'Clement', '2', '26', 'http://static.nfl.com/static/content/public/static/img/fantasy/transparent/200x200/CLE186218.png', 'Corey Clement'),
(147, 'Wendell ', 'Smallwood', '2', '26', 'http://static.nfl.com/static/content/public/static/img/fantasy/transparent/200x200/SMA757345.png', '@WSmallwood28'),
(148, 'Darren ', 'Sproles', '2', '26', 'http://static.nfl.com/static/content/public/static/img/fantasy/transparent/200x200/SPR711296.png', '@DarrenSproles'),
(149, 'Nick ', 'Foles', '1', '26', 'http://static.nfl.com/static/content/public/static/img/fantasy/transparent/200x200/FOL058566.png', '@NickFoles'),
(150, 'Nelson ', 'Agholor', '3', '26', 'http://static.nfl.com/static/content/public/static/img/fantasy/transparent/200x200/AGH474619.png', '@nelsonagholor'),
(151, 'Zach ', 'Ertz', '4', '26', 'http://static.nfl.com/static/content/public/static/img/fantasy/transparent/200x200/ERT800920.png', '@ZERTZ_86'),
(152, 'Carson ', 'Wentz', '1', '26', 'http://static.nfl.com/static/content/public/static/img/fantasy/transparent/200x200/WEN615770.png', '@cj_wentz'),
(153, 'Alshon ', 'Jeffery', '3', '26', 'http://static.nfl.com/static/content/public/static/img/fantasy/transparent/200x200/JEF498860.png', '@TheWorldof_AJ'),
(154, 'Alex ', 'Smith', '1', '32', 'http://static.nfl.com/static/content/public/static/img/fantasy/transparent/200x200/SMI031126.png', ''),
(155, 'Chris ', 'Thompson', '2', '32', 'http://static.nfl.com/static/content/public/static/img/fantasy/transparent/200x200/THO499404.png', '@ChrisThompson_4'),
(156, 'Robert ', 'Kelley', '2', '32', 'http://static.nfl.com/static/content/public/static/img/fantasy/transparent/200x200/KEL338220.png', '@Fatrob32'),
(157, 'Jamison ', 'Crowder', '3', '32', 'http://static.nfl.com/static/content/public/static/img/fantasy/transparent/200x200/CRO697273.png', ''),
(158, 'Jordan ', 'Reed', '4', '32', 'http://static.nfl.com/static/content/public/static/img/fantasy/transparent/200x200/REE302847.png', '@Real_JordanReed'),
(159, 'Paul ', 'Richardson', '3', '32', 'http://static.nfl.com/static/content/public/static/img/fantasy/transparent/200x200/RIC593564.png', '@prichiejr'),
(160, 'Josh ', 'Doctson', '3', '32', 'http://static.nfl.com/static/content/public/static/img/fantasy/transparent/200x200/DOC662393.png', '@JDoc_son'),
(161, 'Vernon ', 'Davis', '4', '32', 'http://static.nfl.com/static/content/public/static/img/fantasy/transparent/200x200/DAV785142.png', '@VernonDavis85'),
(162, 'Derrius ', 'Guice', '2', '32', 'http://static.nfl.com/static/content/public/static/img/fantasy/transparent/200x200/GUI074673.png', '@DhaSickest'),
(163, 'Tavon ', 'Austin', '3', '9', 'http://static.nfl.com/static/content/public/static/img/fantasy/transparent/200x200/AUS659596.png', '@Tayaustin01'),
(164, 'Cole ', 'Beasley', '3', '9', 'http://static.nfl.com/static/content/public/static/img/fantasy/transparent/200x200/BEA434808.png', '@Bease11'),
(165, 'Michael ', 'Gallup', '3', '9', 'http://static.nfl.com/static/content/public/static/img/fantasy/transparent/200x200/GAL779981.png', '@michael13gallup'),
(166, 'Allen ', 'Hurns', '3', '9', 'http://static.nfl.com/static/content/public/static/img/fantasy/transparent/200x200/HUR436342.png', '@A1hurns'),
(167, 'Terrance ', 'Williams', '3', '9', 'http://static.nfl.com/static/content/public/static/img/fantasy/transparent/200x200/WIL532584.png', '@TerranceWill2'),
(168, 'Rod ', 'Smith', '2', '9', 'http://static.nfl.com/static/content/public/static/img/fantasy/transparent/200x200/SMI664332.png', ''),
(169, 'Jonathan ', 'Stewart', '2', '23', 'http://static.nfl.com/static/content/public/static/img/fantasy/transparent/200x200/STE770966.png', '@Jonathanstewar1'),
(170, 'Wayne ', 'Gallman', '2', '23', 'http://static.nfl.com/static/content/public/static/img/fantasy/transparent/200x200/GAL649066.png', '@Wanye_Kanye'),
(171, 'Evan ', 'Engram', '4', '23', 'http://static.nfl.com/static/content/public/static/img/fantasy/transparent/200x200/ENG726325.png', '@EvanEngram'),
(172, 'Sterling ', 'Shepard', '3', '23', 'http://static.nfl.com/static/content/public/static/img/fantasy/transparent/200x200/SHE495754.png', '@sterl_shep3'),
(173, 'Cody ', 'Latimer', '3', '23', 'http://static.nfl.com/static/content/public/static/img/fantasy/transparent/200x200/LAT362049.png', '@CodyLatimer14'),
(174, 'Jamaal ', 'Williams', '2', '12', 'http://static.nfl.com/static/content/public/static/img/fantasy/transparent/200x200/WIL328269.png', ''),
(175, 'Ty ', 'Montgomery', '2', '12', 'http://static.nfl.com/static/content/public/static/img/fantasy/transparent/200x200/MON677133.png', '@_WiFi_Ty_'),
(176, 'Geronimo ', 'Allison', '3', '12', 'http://static.nfl.com/static/content/public/static/img/fantasy/transparent/200x200/ALL713965.png', '@813Geronimo'),
(177, 'Jimmy ', 'Graham', '4', '12', 'http://static.nfl.com/static/content/public/static/img/fantasy/transparent/200x200/GRA207087.png', '@TheJimmyGraham'),
(178, 'DeShone ', 'Kizer', '1', '12', 'http://static.nfl.com/static/content/public/static/img/fantasy/transparent/200x200/KIZ080286.png', '@deshonekizer'),
(179, 'Latavius ', 'Murray', '2', '20', 'http://static.nfl.com/static/content/public/static/img/fantasy/transparent/200x200/MUR671046.png', '@LataviusM'),
(180, 'Kyle ', 'Rudolph', '4', '20', 'http://static.nfl.com/static/content/public/static/img/fantasy/transparent/200x200/RUD559717.png', '@KyleRudolph82'),
(181, 'Laquon ', 'Treadwell', '3', '20', 'http://static.nfl.com/static/content/public/static/img/fantasy/transparent/200x200/TRE425415.png', '@SuccessfulQuon'),
(182, 'Kerryon ', 'Johnson', '2', '11', 'http://static.nfl.com/static/content/public/static/img/fantasy/transparent/200x200/JOH399188.png', '@AyeyoKEJO'),
(183, 'LeGarrette ', 'Blount', '2', '11', 'http://static.nfl.com/static/content/public/static/img/fantasy/transparent/200x200/BLO626278.png', '@LG_Blount'),
(184, 'Theo ', 'Riddick', '2', '11', 'http://static.nfl.com/static/content/public/static/img/fantasy/transparent/200x200/RID187949.png', '@TheoRiddick'),
(185, 'Golden ', 'Tate', '3', '11', 'http://static.nfl.com/static/content/public/static/img/fantasy/transparent/200x200/TAT245022.png', '@ShowtimeTate'),
(186, 'Matt ', 'Cassel', '1', '11', 'http://static.nfl.com/static/content/public/static/img/fantasy/transparent/200x200/CAS541133.png', ''),
(187, 'Kenny ', 'Golladay', '3', '11', 'http://static.nfl.com/static/content/public/static/img/fantasy/transparent/200x200/GOL573546.png', '@kgxix'),
(188, 'Marvin ', 'Jones', '3', '11', 'http://static.nfl.com/static/content/public/static/img/fantasy/transparent/200x200/JON601697.png', '@MarvinJonesJr'),
(189, 'Luke ', 'Willson', '4', '11', 'http://static.nfl.com/static/content/public/static/img/fantasy/transparent/200x200/WIL747168.png', '@LWillson_82'),
(190, 'Jordan ', 'Howard', '2', '6', 'http://static.nfl.com/static/content/public/static/img/fantasy/transparent/200x200/HOW239418.png', '@JHowardx24'),
(191, 'Mitch ', 'Trubisky', '1', '6', 'http://static.nfl.com/static/content/public/static/img/fantasy/transparent/200x200/TRU215336.png', '@Mtrubisky10'),
(192, 'Tarik ', 'Cohen', '2', '6', 'http://static.nfl.com/static/content/public/static/img/fantasy/transparent/200x200/COH427642.png', '@TarikCohen'),
(193, 'Taylor ', 'Gabriel', '3', '6', 'http://static.nfl.com/static/content/public/static/img/fantasy/transparent/200x200/GAB627060.png', '@TGdadon1'),
(194, 'Trey ', 'Burton', '4', '6', 'http://static.nfl.com/static/content/public/static/img/fantasy/transparent/200x200/BUR817654.png', '@TreyBurton8'),
(195, 'Allen ', 'Robinson', '3', '6', 'http://static.nfl.com/static/content/public/static/img/fantasy/transparent/200x200/ROB365982.png', '@AllenRobinson'),
(196, 'Anthony ', 'Miller', '3', '6', 'http://static.nfl.com/static/content/public/static/img/fantasy/transparent/200x200/MIL140090.png', '@AnthonyMiller_3'),
(197, 'Zach ', 'Miller', '4', '6', 'http://static.nfl.com/static/content/public/static/img/fantasy/transparent/200x200/MIL625333.png', '@ZMiller86'),
(198, 'Peyton ', 'Barber', '2', '30', 'http://static.nfl.com/static/content/public/static/img/fantasy/transparent/200x200/BAR077733.png', '@Pb25Peyton'),
(199, 'Jacquizz ', 'Rodgers', '2', '30', 'http://static.nfl.com/static/content/public/static/img/fantasy/transparent/200x200/ROD369979.png', '@Qui22Rodgers'),
(200, 'DeSean ', 'Jackson', '3', '30', 'http://static.nfl.com/static/content/public/static/img/fantasy/transparent/200x200/JAC127681.png', '@DeSeanJackson11'),
(201, 'Chris ', 'Godwin', '3', '30', 'http://static.nfl.com/static/content/public/static/img/fantasy/transparent/200x200/GOD549393.png', '@CGtwelve_'),
(202, 'O.J. ', 'Howard', '4', '30', 'http://static.nfl.com/static/content/public/static/img/fantasy/transparent/200x200/HOW308864.png', '@TheRealOjHoward'),
(203, 'Cameron ', 'Brate', '4', '30', 'http://static.nfl.com/static/content/public/static/img/fantasy/transparent/200x200/BRA663798.png', ''),
(204, 'Jameis ', 'Winston', '1', '30', 'http://static.nfl.com/static/content/public/static/img/fantasy/transparent/200x200/WIN623708.png', '@Jaboowins'),
(205, 'Alvin ', 'Kamara', '2', '22', 'http://static.nfl.com/static/content/public/static/img/fantasy/transparent/200x200/KAM244058.png', '@A_kamara6'),
(206, 'Mike ', 'Gillislee', '2', '22', 'http://static.nfl.com/static/content/public/static/img/fantasy/transparent/200x200/GIL667064.png', '@mikescogilly'),
(207, 'Ted ', 'Ginn Jr.', '3', '22', 'http://static.nfl.com/static/content/public/static/img/fantasy/transparent/200x200/GIN403290.png', '@TedGinnJr_19'),
(208, 'Benjamin', 'Watson', '4', '22', 'http://static.nfl.com/static/content/public/static/img/fantasy/transparent/200x200/WAT311042.png', '@BenjaminSWatson'),
(209, 'Tevin ', 'Coleman', '2', '2', 'http://static.nfl.com/static/content/public/static/img/fantasy/transparent/200x200/COL359050.png', '@Teco_Raww'),
(210, 'Devonta ', 'Freeman', '2', '2', 'http://static.nfl.com/static/content/public/static/img/fantasy/transparent/200x200/FRE174508.png', '@devontafreeman'),
(211, 'Mohamed ', 'Sanu', '3', '2', 'http://static.nfl.com/static/content/public/static/img/fantasy/transparent/200x200/SAN808447.png', '@Mo_12_Sanu'),
(212, 'Calvin ', 'Ridley', '3', '2', 'http://static.nfl.com/static/content/public/static/img/fantasy/transparent/200x200/RID652384.png', '@CalvinRidley1'),
(213, 'Matt ', 'Schaub', '1', '2', 'http://static.nfl.com/static/content/public/static/img/fantasy/transparent/200x200/SCH085186.png', '@matt8schaub'),
(214, 'Austin ', 'Hooper', '4', '2', 'http://static.nfl.com/static/content/public/static/img/fantasy/transparent/200x200/HOO570770.png', '@AustinHooper18'),
(215, 'Christian ', 'McCaffrey', '2', '5', 'http://static.nfl.com/static/content/public/static/img/fantasy/transparent/200x200/MCC035988.png', '@run__cmc'),
(216, 'Cam ', 'Newton', '1', '5', 'http://static.nfl.com/static/content/public/static/img/fantasy/transparent/200x200/NEW693984.png', '@CameronNewton'),
(217, 'C.J. ', 'Anderson', '2', '5', 'http://static.nfl.com/static/content/public/static/img/fantasy/transparent/200x200/AND163330.png', '@cjandersonb22'),
(218, 'D.J. ', 'Moore', '3', '5', 'http://static.nfl.com/static/content/public/static/img/fantasy/transparent/200x200/MOO272423.png', '@idjmoore'),
(219, 'Devin ', 'Funchess', '3', '5', 'http://static.nfl.com/static/content/public/static/img/fantasy/transparent/200x200/FUN405541.png', '@D_FUNCH'),
(220, 'Torrey ', 'Smith', '3', '5', 'http://static.nfl.com/static/content/public/static/img/fantasy/transparent/200x200/SMI344958.png', '@TorreySmithWR'),
(221, 'Greg ', 'Olsen', '4', '5', 'http://static.nfl.com/static/content/public/static/img/fantasy/transparent/200x200/OLS094822.png', '@gregolsen88'),
(222, 'Jared ', 'Goff', '1', '18', 'http://static.nfl.com/static/content/public/static/img/fantasy/transparent/200x200/GOF219636.png', '@JaredGoff16'),
(223, 'Cooper ', 'Kupp', '3', '18', 'http://static.nfl.com/static/content/public/static/img/fantasy/transparent/200x200/KUP534597.png', '@CooperKupp'),
(224, 'Robert ', 'Woods', '3', '18', 'http://static.nfl.com/static/content/public/static/img/fantasy/transparent/200x200/WOO561144.png', '@robertwoods'),
(225, 'Tyler ', 'Higbee', '4', '18', 'http://static.nfl.com/static/content/public/static/img/fantasy/transparent/200x200/HIG033222.png', '@Ty_Higs19'),
(226, 'Alfred ', 'Morris', '2', '28', 'http://static.nfl.com/static/content/public/static/img/fantasy/transparent/200x200/MOR317547.png', '@FredoSauce'),
(227, 'Matt ', 'Breida', '2', '28', 'http://static.nfl.com/static/content/public/static/img/fantasy/transparent/200x200/BRE256819.png', '@MattBreida'),
(228, 'George ', 'Kittle', '4', '28', 'http://static.nfl.com/static/content/public/static/img/fantasy/transparent/200x200/KIT388290.png', '@gkittle46'),
(229, 'Pierre ', 'Garcon', '3', '28', 'http://static.nfl.com/static/content/public/static/img/fantasy/transparent/200x200/GAR115573.png', '@PierreGarcon'),
(230, 'Dante ', 'Pettis', '3', '28', 'http://static.nfl.com/static/content/public/static/img/fantasy/transparent/200x200/PET735981.png', ''),
(231, 'Marquise ', 'Goodwin', '3', '28', 'http://static.nfl.com/static/content/public/static/img/fantasy/transparent/200x200/GOO681722.png', ''),
(232, 'Sam ', 'Bradford', '1', '1', 'http://static.nfl.com/static/content/public/static/img/fantasy/transparent/200x200/BRA101548.png', ''),
(233, 'Christian ', 'Kirk', '3', '1', 'http://static.nfl.com/static/content/public/static/img/fantasy/transparent/200x200/KIR257918.png', '@ChristianDavon2'),
(234, 'Rashaad ', 'Penny', '2', '29', 'http://static.nfl.com/static/content/public/static/img/fantasy/transparent/200x200/PEN504753.png', '@pennyhendrixx'),
(235, 'Chris ', 'Carson', '2', '29', 'http://static.nfl.com/static/content/public/static/img/fantasy/transparent/200x200/CAR568144.png', '@ccarson_32'),
(236, 'Tyler ', 'Lockett', '3', '29', 'http://static.nfl.com/static/content/public/static/img/fantasy/transparent/200x200/LOC420915.png', '@TDLockett12'),
(237, 'Brandon ', 'Marshall', '3', '29', 'http://static.nfl.com/static/content/public/static/img/fantasy/transparent/200x200/MAR370922.png', '@BMarshh'),
(238, 'C.J. ', 'Prosise', '2', '29', 'http://static.nfl.com/static/content/public/static/img/fantasy/transparent/200x200/PRO494028.png', '@Prosisely_22'),
(239, 'Will ', 'Dissly', '4', '29', 'http://static.nfl.com/static/content/public/static/img/fantasy/transparent/200x200/DIS743152.png', '@Will_Diss'),
(240, 'Doug ', 'Baldwin', '3', '29', 'http://static.nfl.com/static/content/public/static/img/fantasy/transparent/200x200/BAL312014.png', '@DougBaldwinJr'),
(241, 'Jaron ', 'Brown', '3', '29', 'http://static.nfl.com/static/content/public/static/img/fantasy/transparent/200x200/BRO486303.png', '@jaronbrown13'),
(242, 'Baker', 'Mayfield', '1', '8', 'http://static.nfl.com/static/content/public/static/img/fantasy/transparent/200x200/MAY483453.png', '@bakermayfield'),
(243, 'Antonio', 'Callaway', '3', '8', 'http://static.nfl.com/static/content/public/static/img/fantasy/transparent/200x200/CAL612552.png', '@Ripbobby_G'),
(244, 'Rashard ', 'Higgins  ', '3', '8', 'http://static.nfl.com/static/content/public/static/img/fantasy/transparent/200x200/HIG322107.png', ''),
(245, 'Jermaine ', 'Kearse', '3', '24', 'http://static.nfl.com/static/content/public/static/img/fantasy/transparent/200x200/KEA511674.png', '@JKearse_15'),
(246, 'Rhett ', 'Ellison ', '4', '23', 'http://static.nfl.com/static/content/public/static/img/fantasy/transparent/200x200/ELL717708.png', ''),
(247, 'Dallas ', 'Goedert', '4', '26', 'http://static.nfl.com/static/content/public/static/img/fantasy/transparent/200x200/GOE595520.png', '@goedert33'),
(248, 'Albert ', 'Wilson', '3', '19', 'http://static.nfl.com/static/content/public/static/img/fantasy/transparent/200x200/WIL648299.png', '@iThinkIsee12'),
(249, 'Aaron ', 'Jones', '2', '12', 'http://static.nfl.com/static/content/public/static/img/fantasy/transparent/200x200/JON026624.png', '@Showtyme_33'),
(250, 'Josh ', 'Rosen', '1', '1', 'http://static.nfl.com/static/content/public/static/img/fantasy/transparent/200x200/ROS357433.png', '@josh3rosen'),
(251, 'Ricky ', 'Seals-Jones', '4', '1', 'http://static.nfl.com/static/content/public/static/img/fantasy/transparent/200x200/SEA449742.png', '@RickySealsJones'),
(252, 'Vance ', 'McDonald', '4', '27', 'http://static.nfl.com/static/content/public/static/img/fantasy/transparent/200x200/MCD589658.png', '@VMcDonald89'),
(253, 'Keke ', 'Coutee', '3', '13', 'http://static.nfl.com/static/content/public/static/img/fantasy/transparent/200x200/COU751041.png', '@TheKekeCoutee'),
(254, 'Nyheim ', 'Hines', '2', '14', 'http://static.nfl.com/static/content/public/static/img/fantasy/transparent/200x200/HIN226970.png', '@TheNyNy7'),
(255, 'Chester ', 'Rogers', '3', '14', 'http://static.nfl.com/static/content/public/static/img/fantasy/transparent/200x200/ROG146742.png', '@ChesterRogers80'),
(256, 'Maxx ', 'Williams', '4', '3', 'http://static.nfl.com/static/content/public/static/img/fantasy/transparent/200x200/WIL436992.png', '@williams_maxx'),
(257, 'Taysom ', 'Hill', '1', '22', 'http://static.nfl.com/static/content/public/static/img/fantasy/transparent/200x200/HIL609597.png', '@T_Hill4'),
(258, 'C.J. ', 'Beathard  ', '1', '28', 'http://static.nfl.com/static/content/public/static/img/fantasy/transparent/200x200/BEA000000.png', ''),
(259, 'Ito ', 'Smith', '2', '2', 'http://static.nfl.com/static/content/public/static/img/fantasy/transparent/200x200/SMI342780.png', '@ItoSmith'),
(260, 'Ronald ', 'Jones II', '2', '30', 'http://static.nfl.com/static/content/public/static/img/fantasy/transparent/200x200/JON705925.png', ''),
(261, 'Derek ', 'Anderson', '1', '4', 'http://static.nfl.com/static/content/public/static/img/fantasy/transparent/200x200/AND180512.png', '@DAnderson314'),
(262, 'TreQuan', 'Smith', '3', '22', 'http://static.nfl.com/static/content/public/static/img/fantasy/transparent/200x200/SMI764556.png', ''),
(263, 'Willie ', 'Snead', '3', '3', 'http://static.nfl.com/static/content/public/static/img/fantasy/transparent/200x200/SNE115447.png', '@Willie_Snead4G'),
(264, 'Lamar ', 'Jackson', '1', '3', 'http://static.nfl.com/static/content/public/static/img/fantasy/transparent/200x200/JAC323395.png', '@Lj_era8');

-- --------------------------------------------------------

--
-- Table structure for table `playoff_stats`
--

CREATE TABLE `playoff_stats` (
  `playoff_stats_id` int(11) NOT NULL,
  `player_id` int(11) NOT NULL,
  `playoff_pass_completions` int(255) NOT NULL,
  `playoff_pass_yards` int(11) NOT NULL,
  `playoff_pass_tds` int(11) NOT NULL,
  `playoff_rush_yards` int(11) NOT NULL,
  `playoff_rush_tds` int(11) NOT NULL,
  `playoff_total_rec` int(11) NOT NULL,
  `playoff_rec_yards` int(11) NOT NULL,
  `playoff_rec_tds` int(11) NOT NULL
) ENGINE=InnoDB DEFAULT CHARSET=latin1;

--
-- Dumping data for table `playoff_stats`
--

INSERT INTO `playoff_stats` (`playoff_stats_id`, `player_id`, `playoff_pass_completions`, `playoff_pass_yards`, `playoff_pass_tds`, `playoff_rush_yards`, `playoff_rush_tds`, `playoff_total_rec`, `playoff_rec_yards`, `playoff_rec_tds`) VALUES
(1, 1, 49, 301, 3, 123, 0, 0, 0, 0),
(4, 2, 242, 2815, 18, 45, 0, 0, 0, 0),
(5, 3, 0, 0, 0, 242, 4, 7, 44, 0),
(6, 4, 0, 0, 0, 0, 0, 4, 28, 0),
(8, 5, 0, 0, 0, 0, 0, 0, 0, 0),
(9, 6, 920, 10226, 71, 140, 6, 0, 0, 0),
(10, 7, 0, 0, 0, 222, 1, 15, 104, 0),
(11, 8, 0, 0, 0, 0, 0, 0, 0, 0),
(12, 9, 0, 0, 0, 95, 1, 15, 111, 0),
(13, 10, 422, 5256, 30, 246, 3, 0, 0, 0),
(14, 11, 378, 4458, 36, 274, 3, 0, 0, 0),
(15, 12, 147, 1829, 9, 142, 0, 0, 0, 0),
(16, 13, 0, 1829, 9, 142, 0, 0, 0, 0),
(17, 14, 0, 1829, 9, 142, 0, 0, 0, 0),
(18, 15, 0, 1829, 9, 142, 0, 0, 0, 0),
(19, 16, 0, 1829, 9, 142, 0, 0, 0, 0),
(20, 17, 354, 4209, 29, 42, 0, 0, 0, 0),
(21, 18, 0, 4209, 29, 42, 0, 0, 0, 0),
(22, 19, 253, 3223, 25, 766, 16, 2, 35, 0),
(23, 20, 0, 0, 0, 424, 3, 13, 91, 1),
(24, 21, 0, 0, 0, 101, 0, 4, 10, 0),
(25, 22, 164, 2165, 11, 32, 1, 0, 0, 0),
(26, 23, 74, 908, 4, 25, 1, 0, 0, 0),
(27, 24, 0, 0, 0, 193, 1, 5, 33, 0),
(28, 25, 0, 0, 0, 18, 0, 51, 837, 4),
(29, 26, 0, 0, 0, 25, 0, 61, 834, 6),
(30, 27, 0, 0, 0, 0, 0, 8, 163, 2),
(31, 28, 237, 2672, 20, 43, 1, 0, 0, 0),
(32, 29, 0, 0, 0, 0, 0, 57, 942, 10),
(33, 29, 0, 0, 0, 0, 0, 57, 942, 10),
(34, 30, 0, 0, 0, 0, 0, 2, 10, 0),
(35, 31, 0, 0, 0, 0, 0, 0, 0, 0),
(36, 32, 0, 0, 0, 0, 0, 15, 218, 2),
(37, 33, 0, 0, 0, 0, 0, 68, 972, 12),
(38, 34, 0, 0, 0, 1, 0, 10, 155, 0),
(39, 35, 0, 0, 0, 0, 0, 17, 201, 1),
(40, 36, 207, 2777, 20, 354, 2, 0, 0, 0),
(41, 37, 0, 0, 0, 0, 0, 0, 0, 0),
(42, 38, 0, 0, 0, 0, 0, 15, 216, 2),
(43, 39, 0, 0, 0, 0, 0, 0, 0, 0),
(44, 40, 0, 0, 0, 0, 0, 0, 0, 0),
(45, 41, 0, 0, 0, 0, 0, 28, 389, 4),
(46, 42, 0, 0, 0, 59, 0, 47, 596, 5),
(47, 43, 0, 0, 0, 412, 5, 6, 54, 0),
(48, 44, 0, 0, 0, 0, 0, 0, 0, 0),
(49, 45, 17, 134, 0, 27, 0, 0, 0, 0),
(50, 46, 0, 0, 0, 6, 0, 18, 233, 1),
(51, 47, 0, 0, 0, 0, 0, 9, 102, 0),
(52, 48, 32, 360, 1, 2, 1, 0, 0, 0),
(53, 49, 0, 0, 0, 0, 0, 0, 0, 0),
(54, 50, 0, 0, 0, 0, 0, 0, 0, 0),
(55, 51, 0, 0, 0, 125, 0, 1, -2, 0),
(56, 52, 24, 302, 3, 13, 0, 0, 0, 0),
(57, 53, 0, 0, 0, 0, 0, 0, 0, 0),
(58, 54, 0, 0, 0, 646, 5, 18, 167, 0),
(59, 55, 0, 0, 0, 0, 0, 0, 0, 0),
(60, 56, 1, 20, 0, 16, 0, 57, 709, 6),
(61, 57, 0, 0, 0, 1, 0, 8, 117, 0),
(62, 58, 0, 0, 0, 0, 0, 4, 55, 0),
(63, 59, 0, 0, 0, 0, 0, 0, 0, 0),
(64, 60, 0, 0, 0, 0, 0, 0, 0, 0),
(65, 61, 0, 0, 0, 0, 0, 0, 0, 0),
(66, 62, 0, 0, 0, 0, 0, 0, 0, 0),
(67, 63, 0, 0, 0, 0, 0, 0, 0, 0),
(68, 64, 0, 0, 0, 0, 0, 0, 0, 0),
(69, 65, 0, 0, 0, 0, 0, 0, 0, 0),
(70, 66, 1, 51, 1, 54, 0, 89, 1024, 5),
(71, 67, 0, 0, 0, 50, 0, 5, 85, 0),
(72, 68, 0, 0, 0, 0, 0, 0, 0, 0),
(73, 69, 0, 0, 0, 105, 5, 34, 293, 3),
(74, 70, 0, 0, 0, 0, 0, 0, 0, 0),
(75, 71, 0, 0, 0, 25, 2, 3, 27, 0),
(76, 72, 0, 0, 0, 0, 0, 2, 50, 0),
(77, 73, 0, 0, 0, 4, 0, 26, 484, 4),
(78, 74, 0, 0, 0, 0, 0, 0, 0, 0),
(79, 75, 1, 14, 0, 4, 0, 0, 0, 0),
(80, 76, 0, 0, 0, 0, 0, 12, 117, 2),
(81, 77, 0, 0, 0, 0, 0, 3, 15, 0),
(82, 78, 0, 0, 0, 79, 0, 17, 121, 0),
(83, 79, 88, 873, 1, 92, 0, 0, 0, 0),
(84, 80, 0, 0, 0, 0, 0, 18, 232, 1),
(85, 81, 0, 0, 0, 0, 0, 0, 0, 0),
(86, 82, 0, 0, 0, 0, 0, 5, 58, 0),
(87, 83, 0, 0, 0, 0, 0, 0, 0, 0),
(88, 84, 0, 0, 0, 27, 0, 3, 28, 0),
(89, 85, 0, 0, 0, 0, 0, 0, 0, 0),
(90, 86, 0, 0, 0, 2, 0, 11, 139, 0),
(91, 87, 0, 0, 0, 0, 0, 42, 549, 4),
(92, 88, 0, 0, 0, 0, 0, 0, 0, 0),
(93, 89, 0, 0, 0, 0, 0, 3, 5, 1),
(94, 90, 0, 0, 0, 0, 0, 13, 171, 0),
(95, 91, 0, 0, 0, 0, 0, 0, 0, 0),
(96, 92, 0, 0, 0, 0, 0, 0, 0, 0),
(97, 93, 0, 0, 0, 0, 0, 0, 0, 0),
(98, 94, 0, 0, 0, 0, 0, 11, 102, 0),
(99, 95, 0, 0, 0, 0, 0, 0, 0, 0),
(100, 96, 0, 0, 0, 45, 1, 5, 63, 0),
(101, 97, 0, 0, 0, 0, 0, 7, 85, 0),
(102, 98, 0, 0, 0, 0, 0, 3, 82, 0),
(103, 99, 0, 0, 0, 0, 0, 0, 0, 0),
(104, 100, 0, 0, 0, 0, 0, 5, 86, 1),
(105, 101, 0, 0, 0, 1, 0, 36, 604, 2),
(106, 102, 0, 0, 0, 0, 0, 0, 0, 0),
(107, 103, 0, 0, 0, 0, 0, 0, 0, 0),
(108, 104, 0, 0, 0, 0, 0, 0, 0, 0),
(109, 105, 0, 0, 0, 0, 0, 7, 30, 0),
(110, 106, 0, 0, 0, 0, 0, 5, 44, 0),
(111, 107, 41, 459, 4, 83, 0, 1, 6, 1),
(112, 108, 0, 0, 0, 214, 1, 21, 144, 1),
(113, 109, 0, 0, 0, 184, 1, 5, 56, 0),
(114, 110, 0, 0, 0, 0, 0, 0, 0, 0),
(115, 111, 0, 0, 0, 0, 0, 9, 98, 2),
(116, 112, 0, 0, 0, 0, 0, 16, 244, 0),
(117, 113, 0, 0, 0, 0, 0, 2, 9, 0),
(118, 114, 0, 0, 0, 0, 0, 4, 42, 0),
(119, 115, 0, 0, 0, 0, 0, 0, 0, 0),
(120, 116, 0, 0, 0, 147, 1, 4, 15, 0),
(121, 117, 0, 0, 0, 0, 0, 7, 53, 0),
(122, 118, 53, 589, 2, 12, 0, 0, 0, 0),
(123, 119, 0, 0, 0, 0, 0, 0, 0, 0),
(124, 120, 0, 0, 0, 0, 0, 0, 0, 0),
(125, 121, 0, 0, 0, 0, 0, 0, 0, 0),
(126, 122, 0, 0, 0, 0, 0, 36, 448, 0),
(127, 123, 0, 0, 0, 0, 0, 53, 759, 6),
(128, 124, 0, 0, 0, 0, 0, 0, 0, 0),
(129, 125, 0, 0, 0, 42, 1, 3, 5, 0),
(130, 126, 0, 0, 0, 102, 2, 2, 1, 0),
(131, 127, 0, 0, 0, 32, 0, 11, 114, 0),
(132, 128, 0, 0, 0, 0, 0, 1, 23, 0),
(133, 129, 0, 0, 0, 0, 0, 23, 294, 1),
(134, 130, 0, 0, 0, 0, 0, 0, 0, 0),
(135, 131, 0, 0, 0, 0, 0, 0, 0, 0),
(136, 132, 0, 0, 0, 0, 0, 0, 0, 0),
(137, 133, 0, 0, 0, 0, 0, 0, 0, 0),
(138, 134, 0, 0, 0, 0, 0, 0, 0, 0),
(139, 135, 0, 0, 0, 6, 0, 4, 21, 0),
(140, 136, 0, 0, 0, 0, 0, 42, 464, 1),
(141, 137, 0, 0, 0, 0, 0, 0, 0, 0),
(142, 138, 0, 0, 0, 937, 9, 12, 127, 0),
(143, 139, 0, 0, 0, 0, 0, 0, 0, 0),
(144, 140, 0, 0, 0, 3, 0, 2, 8, 0),
(145, 141, 0, 0, 0, 0, 0, 0, 0, 0),
(146, 142, 0, 0, 0, 0, 0, 18, 229, 2),
(147, 143, 0, 0, 0, 0, 0, 54, 668, 5),
(148, 144, 0, 0, 0, 90, 0, 21, 322, 3),
(149, 145, 0, 0, 0, 217, 0, 9, 82, 0),
(150, 146, 0, 0, 0, 33, 0, 10, 139, 1),
(151, 147, 0, 0, 0, 0, 0, 0, 0, 0),
(152, 148, 0, 0, 0, 273, 4, 44, 442, 3),
(153, 149, 100, 1166, 8, 1, 0, 1, 1, 1),
(154, 150, 0, 0, 0, 29, 0, 15, 167, 0),
(155, 151, 0, 0, 0, 0, 0, 21, 214, 2),
(156, 152, 0, 0, 0, 0, 0, 0, 0, 0),
(157, 153, 0, 0, 0, 0, 0, 12, 219, 3),
(158, 154, 156, 1745, 14, 35, 1, 0, 0, 0),
(159, 155, 0, 0, 0, 25, 0, 8, 89, 0),
(160, 156, 0, 0, 0, 0, 0, 0, 0, 0),
(161, 157, 0, 0, 0, 0, 0, 3, 15, 0),
(162, 158, 0, 0, 0, 0, 0, 9, 120, 1),
(163, 159, 0, 0, 0, 0, 0, 8, 152, 1),
(164, 160, 0, 0, 0, 0, 0, 0, 0, 0),
(165, 161, 0, 0, 0, 0, 0, 27, 600, 7),
(166, 162, 0, 0, 0, 0, 0, 0, 0, 0),
(167, 163, 0, 0, 0, 0, 0, 0, 0, 0),
(168, 164, 0, 0, 0, 0, 0, 11, 146, 0),
(169, 165, 0, 0, 0, 0, 0, 0, 0, 0),
(170, 166, 0, 0, 0, 0, 0, 7, 92, 0),
(171, 167, 0, 0, 0, 0, 0, 8, 198, 3),
(172, 168, 0, 0, 0, 0, 0, 0, 0, 0),
(173, 169, 0, 0, 0, 474, 5, 9, 49, 0),
(174, 170, 0, 0, 0, 0, 0, 0, 0, 0),
(175, 171, 0, 0, 0, 0, 0, 0, 0, 0),
(176, 172, 0, 0, 0, 0, 0, 4, 63, 0),
(177, 173, 0, 0, 0, 0, 0, 3, 31, 0),
(178, 174, 0, 0, 0, 0, 0, 0, 0, 0),
(179, 175, 0, 0, 0, 91, 2, 10, 77, 0),
(180, 176, 0, 0, 0, 0, 0, 5, 65, 0),
(181, 177, 0, 0, 0, 0, 0, 22, 269, 4),
(182, 178, 0, 0, 0, 0, 0, 0, 0, 0),
(183, 179, 0, 0, 0, 107, 2, 5, 40, 0),
(184, 180, 0, 0, 0, 0, 0, 10, 119, 1),
(185, 181, 0, 0, 0, 0, 0, 0, 0, 0),
(186, 182, 0, 0, 0, 0, 0, 0, 0, 0),
(187, 183, 0, 0, 0, 600, 11, 1, 8, 0),
(188, 184, 0, 0, 0, 0, 0, 4, 39, 0),
(189, 185, 0, 0, 0, 13, 0, 28, 318, 2),
(190, 186, 9, 70, 0, 5, 0, 0, 0, 0),
(191, 187, 0, 0, 0, 0, 0, 0, 0, 0),
(192, 188, 0, 0, 0, 0, 0, 19, 277, 0),
(193, 189, 0, 0, 0, 0, 0, 13, 154, 1),
(194, 190, 0, 0, 0, 0, 0, 0, 0, 0),
(195, 191, 0, 0, 0, 0, 0, 0, 0, 0),
(196, 192, 0, 0, 0, 0, 0, 0, 0, 0),
(197, 193, 0, 0, 0, 0, 0, 11, 175, 0),
(198, 194, 1, 1, 1, 0, 0, 1, 12, 0),
(199, 195, 0, 0, 0, 0, 0, 0, 0, 0),
(200, 196, 0, 0, 0, 0, 0, 0, 0, 0),
(201, 197, 0, 0, 0, 0, 0, 0, 0, 0),
(202, 198, 0, 0, 0, 0, 0, 0, 0, 0),
(203, 199, 0, 0, 0, 96, 0, 6, 26, 0),
(204, 200, 0, 0, 0, 2, 0, 21, 338, 2),
(205, 201, 0, 0, 0, 0, 0, 0, 0, 0),
(206, 202, 0, 0, 0, 0, 0, 0, 0, 0),
(207, 203, 0, 0, 0, 0, 0, 0, 0, 0),
(208, 204, 0, 0, 0, 0, 0, 0, 0, 0),
(209, 205, 0, 0, 0, 66, 1, 5, 72, 1),
(210, 206, 0, 0, 0, 0, 0, 0, 0, 0),
(211, 207, 0, 0, 0, 47, 1, 29, 469, 1),
(212, 208, 0, 0, 0, 0, 0, 21, 222, 3),
(213, 209, 0, 0, 0, 234, 1, 11, 105, 2),
(214, 210, 0, 0, 0, 235, 3, 16, 197, 2),
(215, 211, 0, 0, 0, 7, 0, 25, 307, 2),
(216, 212, 0, 0, 0, 0, 0, 0, 0, 0),
(217, 213, 63, 605, 2, 2, 0, 0, 0, 0),
(218, 214, 0, 0, 0, 0, 0, 10, 83, 1),
(219, 215, 0, 0, 0, 16, 0, 6, 101, 1),
(220, 216, 134, 1821, 10, 258, 2, 0, 0, 0),
(221, 217, 0, 0, 0, 323, 2, 16, 82, 0),
(222, 218, 0, 0, 0, 0, 0, 0, 0, 0),
(223, 219, 0, 0, 0, 0, 0, 9, 152, 1),
(224, 220, 0, 0, 0, 0, 0, 33, 571, 5),
(225, 221, 0, 0, 0, 0, 0, 41, 631, 3),
(226, 222, 24, 259, 1, 0, 0, 0, 0, 0),
(227, 223, 0, 0, 0, 0, 0, 8, 69, 1),
(228, 224, 0, 0, 0, 0, 0, 9, 142, 0),
(229, 225, 0, 0, 0, 0, 0, 1, 11, 0),
(230, 226, 0, 0, 0, 130, 0, 0, 0, 0),
(231, 227, 0, 0, 0, 0, 0, 0, 0, 0),
(232, 228, 0, 0, 0, 0, 0, 0, 0, 0),
(233, 229, 0, 0, 0, 0, 0, 35, 483, 3),
(234, 230, 0, 0, 0, 0, 0, 0, 0, 0),
(235, 231, 0, 0, 0, 0, 0, 0, 0, 0),
(236, 232, 0, 0, 0, 0, 0, 0, 0, 0),
(237, 233, 0, 0, 0, 0, 0, 0, 0, 0),
(238, 234, 0, 0, 0, 0, 0, 0, 0, 0),
(239, 235, 0, 0, 0, 0, 0, 0, 0, 0),
(240, 236, 0, 0, 0, 0, 0, 4, 110, 1),
(241, 237, 0, 0, 0, 0, 0, 0, 0, 0),
(242, 238, 0, 0, 0, 0, 0, 0, 0, 0),
(243, 239, 0, 0, 0, 0, 0, 0, 0, 0),
(244, 240, 0, 0, 0, 7, 0, 55, 702, 6),
(245, 241, 0, 0, 0, 0, 0, 1, 16, 0),
(246, 242, 0, 0, 0, 0, 0, 0, 0, 0),
(247, 243, 0, 0, 0, 0, 0, 0, 0, 0),
(248, 244, 0, 0, 0, 0, 0, 0, 0, 0),
(249, 245, 0, 0, 0, 0, 0, 31, 493, 6),
(250, 246, 0, 0, 0, 0, 0, 0, 0, 0),
(251, 247, 0, 0, 0, 0, 0, 0, 0, 0),
(252, 248, 0, 0, 0, 11, 0, 11, 95, 2),
(253, 249, 0, 0, 0, 0, 0, 0, 0, 0),
(254, 250, 0, 0, 0, 0, 0, 0, 0, 0),
(255, 251, 0, 0, 0, 0, 0, 0, 0, 0),
(256, 252, 0, 0, 0, 0, 0, 11, 125, 0),
(257, 253, 0, 0, 0, 0, 0, 0, 0, 0),
(258, 254, 0, 0, 0, 0, 0, 0, 0, 0),
(259, 255, 0, 0, 0, 0, 0, 0, 0, 0),
(260, 256, 0, 0, 0, 0, 0, 0, 0, 0),
(261, 257, 0, 0, 0, 0, 0, 0, 0, 0),
(262, 258, 0, 0, 0, 0, 0, 0, 0, 0),
(263, 259, 0, 0, 0, 0, 0, 0, 0, 0),
(264, 260, 0, 0, 0, 0, 0, 0, 0, 0),
(265, 261, 0, 0, 0, -2, 0, 0, 0, 0),
(266, 262, 0, 0, 0, 0, 0, 0, 0, 0),
(267, 263, 0, 0, 0, 0, 0, 3, 25, 0),
(268, 264, 0, 0, 0, 0, 0, 0, 0, 0);

-- --------------------------------------------------------

--
-- Table structure for table `positions`
--

CREATE TABLE `positions` (
  `position_id` int(11) NOT NULL,
  `position_name` varchar(5) NOT NULL
) ENGINE=InnoDB DEFAULT CHARSET=latin1;

--
-- Dumping data for table `positions`
--

INSERT INTO `positions` (`position_id`, `position_name`) VALUES
(1, 'QB'),
(2, 'RB'),
(3, 'WR'),
(4, 'TE'),
(5, 'DL'),
(6, 'LB'),
(7, 'DB'),
(8, 'K'),
(9, 'P');

-- --------------------------------------------------------

--
-- Table structure for table `season_stats`
--

CREATE TABLE `season_stats` (
  `season_stats_id` int(11) NOT NULL,
  `player_id` int(11) NOT NULL,
  `season_pass_completions` int(255) NOT NULL,
  `season_pass_yards` int(11) NOT NULL,
  `season_pass_tds` int(11) NOT NULL,
  `season_rush_yards` int(11) NOT NULL,
  `season_rush_tds` int(11) NOT NULL,
  `season_total_rec` int(11) NOT NULL,
  `season_rec_yards` int(11) NOT NULL,
  `season_rec_tds` int(11) NOT NULL
) ENGINE=InnoDB DEFAULT CHARSET=latin1;

--
-- Dumping data for table `season_stats`
--

INSERT INTO `season_stats` (`season_stats_id`, `player_id`, `season_pass_completions`, `season_pass_yards`, `season_pass_tds`, `season_rush_yards`, `season_rush_tds`, `season_total_rec`, `season_rec_yards`, `season_rec_tds`) VALUES
(1, 1, 175, 2022, 10, 261, 1, 0, 0, 0),
(6, 2, 215, 2377, 8, 19, 0, 0, 0, 0),
(7, 3, 0, 0, 0, 71, 0, 3, 14, 0),
(8, 4, 1, 57, 1, 8, 0, 61, 785, 2),
(10, 5, 33, 467, 3, 10, 0, 0, 0, 0),
(11, 6, 199, 2200, 16, 29, 1, 0, 0, 0),
(12, 7, 0, 0, 0, 257, 0, 19, 167, 0),
(13, 8, 85, 972, 8, 91, 0, 0, 0, 0),
(14, 9, 0, 0, 0, 394, 5, 24, 207, 1),
(15, 10, 194, 2290, 14, 44, 1, 0, 0, 0),
(16, 11, 174, 2183, 13, 116, 0, 0, 0, 0),
(17, 12, 225, 2187, 23, 63, 0, 0, 0, 0),
(18, 13, 0, 0, 0, 0, 0, 0, 0, 0),
(19, 14, 0, 0, 0, 0, 0, 0, 0, 0),
(20, 15, 0, 0, 0, 0, 0, 0, 0, 0),
(21, 16, 0, 0, 0, 0, 0, 0, 0, 0),
(22, 17, 188, 1990, 14, 9, 2, 0, 0, 0),
(23, 18, 0, 4334, 23, 12, 2, 0, 0, 0),
(24, 19, 209, 2259, 12, 45, 0, 0, 0, 0),
(25, 20, 0, 0, 0, 0, 0, 0, 0, 0),
(26, 21, 0, 0, 0, 800, 11, 31, 351, 4),
(27, 22, 152, 2008, 17, -1, 0, 0, 0, 0),
(28, 23, 171, 1912, 14, 43, 0, 0, 0, 0),
(29, 24, 0, 0, 0, 148, 2, 7, 59, 0),
(30, 25, 0, 0, 0, 0, 0, 46, 552, 8),
(31, 26, 0, 0, 0, 11, 0, 53, 812, 0),
(32, 27, 0, 0, 0, 55, 0, 41, 506, 1),
(33, 28, 187, 2335, 15, 67, 2, 0, 0, 0),
(34, 29, 0, 0, 0, 0, 0, 34, 357, 2),
(35, 29, 0, 0, 0, 0, 0, 34, 357, 2),
(36, 30, 0, 0, 0, 9, 0, 22, 280, 1),
(37, 31, 0, 0, 0, 0, 0, 46, 770, 4),
(38, 32, 0, 0, 0, 0, 0, 0, 0, 0),
(39, 33, 0, 0, 0, 0, 0, 29, 448, 1),
(40, 34, 0, 0, 0, 32, 0, 35, 643, 2),
(41, 35, 0, 0, 0, -7, 0, 53, 789, 6),
(42, 36, 120, 1556, 16, 77, 0, 0, 0, 0),
(43, 37, 187, 2526, 26, 119, 2, 0, 0, 0),
(44, 38, 0, 0, 0, 0, 0, 58, 669, 4),
(45, 39, 0, 0, 0, 509, 4, 19, 115, 1),
(46, 40, 168, 2176, 15, 230, 1, 0, 0, 0),
(47, 41, 0, 0, 0, 0, 0, 52, 690, 6),
(48, 42, 0, 0, 0, 0, 0, 17, 195, 1),
(49, 43, 0, 0, 0, 587, 4, 9, 151, 1),
(50, 44, 138, 1705, 11, 61, 1, 0, 0, 0),
(51, 45, 45, 481, 2, 147, 1, 0, 0, 0),
(52, 46, 0, 0, 0, 36, 0, 58, 587, 4),
(53, 47, 0, 0, 0, 15, 0, 74, 925, 6),
(54, 48, 241, 2521, 16, 86, 1, 0, 0, 0),
(55, 49, 0, 0, 0, 98, 0, 9, 107, 0),
(56, 50, 0, 0, 0, 519, 5, 58, 497, 2),
(57, 51, 0, 0, 0, 619, 3, 25, 175, 1),
(58, 52, 128, 1417, 8, 236, 2, 0, 0, 0),
(59, 53, 98, 1550, 13, 80, 1, 0, 0, 0),
(60, 54, 0, 0, 0, 332, 0, 5, 57, 1),
(61, 55, 0, 0, 0, 340, 3, 27, 197, 2),
(62, 56, 1, 28, 1, 0, 0, 35, 337, 1),
(63, 57, 0, 0, 0, 0, 0, 16, 281, 4),
(64, 58, 0, 0, 0, 0, 0, 8, 174, 0),
(65, 59, 0, 0, 0, 484, 5, 10, 82, 0),
(66, 60, 0, 0, 0, 343, 0, 11, 110, 1),
(67, 61, 0, 0, 0, -9, 0, 17, 314, 3),
(68, 62, 0, 0, 0, 2, 0, 3, 25, 0),
(69, 63, 0, 0, 0, 0, 0, 15, 195, 1),
(70, 64, 0, 0, 0, 0, 0, 14, 235, 2),
(71, 65, 0, 0, 0, 0, 0, 0, 0, 0),
(72, 66, 0, 0, 0, 20, 0, 25, 251, 2),
(73, 67, 0, 0, 0, 64, 0, 3, 31, 0),
(74, 68, 0, 0, 0, 422, 4, 4, 31, 0),
(75, 69, 0, 0, 0, 204, 2, 55, 459, 6),
(76, 70, 0, 0, 0, 74, 0, 11, 114, 2),
(77, 71, 0, 0, 0, 25, 0, 1, 6, 0),
(78, 72, 0, 0, 0, 0, 0, 20, 198, 2),
(79, 73, 0, 0, 0, 0, 0, 23, 333, 2),
(80, 74, 75, 832, 2, 109, 3, 0, 0, 0),
(81, 75, 13, 108, 1, 3, 0, 0, 0, 0),
(82, 76, 0, 0, 0, 0, 0, 16, 262, 1),
(83, 77, 0, 0, 0, 0, 0, 19, 169, 0),
(84, 78, 0, 0, 0, 155, 3, 14, 78, 0),
(85, 79, 185, 2102, 17, 41, 0, 0, 0, 0),
(86, 80, 0, 0, 0, 0, 0, 45, 687, 6),
(87, 81, 0, 0, 0, -3, 0, 7, 79, 2),
(88, 82, 0, 0, 0, 0, 0, 15, 179, 1),
(89, 83, 0, 0, 0, 3, 0, 49, 620, 5),
(90, 84, 0, 0, 0, 358, 5, 14, 101, 1),
(91, 85, 0, 0, 0, 100, 2, 30, 188, 2),
(92, 86, 0, 0, 0, 4, 0, 31, 586, 4),
(93, 87, 0, 0, 0, 0, 0, 38, 440, 2),
(94, 88, 0, 0, 0, 599, 9, 31, 323, 0),
(95, 89, 0, 0, 0, 0, 0, 46, 594, 2),
(96, 90, 0, 0, 0, 0, 0, 19, 283, 1),
(97, 91, 0, 0, 0, 393, 5, 6, 29, 0),
(98, 92, 0, 0, 0, 107, 0, 20, 203, 0),
(99, 93, 0, 0, 0, 318, 3, 2, 10, 0),
(100, 94, 0, 0, 0, 0, 0, 49, 528, 2),
(101, 95, 0, 0, 0, 0, 0, 31, 297, 2),
(102, 96, 0, 0, 0, 334, 1, 37, 346, 4),
(103, 97, 0, 0, 0, 14, 0, 33, 436, 3),
(104, 98, 0, 0, 0, 0, 0, 22, 259, 0),
(105, 99, 0, 0, 0, 0, 0, 11, 90, 1),
(106, 100, 0, 0, 0, 0, 0, 29, 379, 2),
(107, 101, 0, 0, 0, 0, 0, 26, 353, 4),
(108, 102, 0, 0, 0, 232, 0, 11, 51, 0),
(109, 103, 0, 0, 0, 381, 3, 6, 56, 1),
(110, 104, 0, 0, 0, 0, 0, 26, 270, 1),
(111, 105, 0, 0, 0, 0, 0, 15, 150, 1),
(112, 106, 0, 0, 0, -1, 0, 36, 394, 7),
(113, 107, 99, 1030, 3, 185, 1, 0, 0, 0),
(114, 108, 0, 0, 0, 277, 1, 29, 199, 0),
(115, 109, 1, 8, 0, 273, 1, 6, 49, 0),
(116, 110, 25, 242, 1, 2, 0, 0, 0, 0),
(117, 111, 0, 0, 0, 0, 0, 30, 395, 1),
(118, 112, 0, 0, 0, 0, 0, 4, 52, 0),
(119, 113, 0, 0, 0, 0, 0, 19, 190, 1),
(120, 114, 0, 0, 0, 0, 0, 3, 11, 0),
(121, 115, 0, 0, 0, 16, 0, 16, 222, 1),
(122, 116, 0, 0, 0, 504, 2, 11, 78, 1),
(123, 117, 0, 0, 0, 0, 0, 35, 533, 5),
(124, 118, 184, 2110, 10, 35, 1, 0, 0, 0),
(125, 119, 0, 0, 0, 531, 3, 18, 136, 1),
(126, 120, 0, 0, 0, 309, 4, 4, 21, 0),
(127, 121, 0, 0, 0, 124, 0, 14, 81, 0),
(128, 122, 1, 28, 1, 47, 1, 50, 660, 3),
(129, 123, 0, 0, 0, 0, 0, 36, 402, 3),
(130, 124, 0, 0, 0, 0, 0, 17, 324, 2),
(131, 125, 0, 0, 0, 592, 5, 20, 262, 5),
(132, 126, 0, 0, 0, 106, 0, 9, 89, 0),
(133, 127, 0, 0, 0, 45, 0, 44, 705, 7),
(134, 128, 0, 0, 0, 50, 0, 34, 453, 3),
(135, 129, 0, 0, 0, 0, 0, 44, 642, 4),
(136, 130, 0, 0, 0, 466, 6, 30, 279, 3),
(137, 131, 0, 0, 0, 305, 0, 19, 233, 3),
(138, 132, 0, 0, 0, 19, 0, 3, 16, 0),
(139, 133, 0, 0, 0, 16, 0, 17, 308, 4),
(140, 134, 0, 0, 0, 15, 0, 18, 381, 5),
(141, 135, 0, 0, 0, 0, 0, 9, 104, 1),
(142, 136, 0, 0, 0, 0, 0, 12, 113, 1),
(143, 137, 0, 0, 0, 0, 0, 0, 0, 0),
(144, 138, 0, 0, 0, 376, 3, 15, 84, 0),
(145, 139, 0, 0, 0, 220, 0, 7, 42, 0),
(146, 140, 0, 0, 0, 50, 0, 43, 348, 0),
(147, 141, 204, 2198, 10, 41, 1, 0, 0, 0),
(148, 142, 0, 0, 0, 0, 0, 38, 494, 3),
(149, 143, 0, 0, 0, 0, 0, 25, 353, 3),
(150, 144, 0, 0, 0, 21, 0, 16, 249, 0),
(151, 145, 0, 0, 0, 184, 3, 5, 20, 0),
(152, 146, 0, 0, 0, 167, 2, 14, 115, 0),
(153, 147, 0, 0, 0, 257, 1, 15, 143, 2),
(154, 148, 0, 0, 0, 10, 0, 4, 22, 0),
(155, 149, 54, 451, 1, 7, 0, 1, 10, 0),
(156, 150, 1, 15, 0, 32, 0, 41, 372, 1),
(157, 151, 0, 0, 0, 0, 0, 61, 644, 3),
(158, 152, 159, 1788, 13, 89, 0, 0, 0, 0),
(159, 153, 0, 0, 0, 0, 0, 29, 341, 4),
(160, 154, 144, 1561, 8, 97, 1, 0, 0, 0),
(161, 155, 0, 0, 0, 112, 0, 15, 117, 1),
(162, 156, 0, 0, 0, 8, 0, 0, 0, 0),
(163, 157, 0, 0, 0, 35, 0, 13, 134, 1),
(164, 158, 0, 0, 0, 0, 0, 29, 306, 1),
(165, 159, 0, 0, 0, 9, 0, 18, 246, 2),
(166, 160, 0, 0, 0, 0, 0, 16, 159, 0),
(167, 161, 0, 0, 0, 0, 0, 10, 170, 1),
(168, 162, 0, 0, 0, 0, 0, 0, 0, 0),
(169, 163, 0, 0, 0, 55, 0, 7, 130, 2),
(170, 164, 0, 0, 0, 0, 0, 33, 350, 2),
(171, 165, 0, 0, 0, 0, 0, 10, 190, 1),
(172, 166, 0, 0, 0, 0, 0, 13, 158, 1),
(173, 167, 0, 0, 0, 0, 0, 2, 18, 0),
(174, 168, 0, 0, 0, 41, 0, 1, 0, 0),
(175, 169, 0, 0, 0, 17, 0, 0, 0, 0),
(176, 170, 0, 0, 0, 48, 0, 8, 62, 0),
(177, 171, 0, 0, 0, 10, 0, 17, 145, 2),
(178, 172, 0, 0, 0, 0, 0, 40, 542, 2),
(179, 173, 0, 0, 0, 0, 0, 6, 108, 0),
(180, 174, 0, 0, 0, 237, 1, 8, 57, 0),
(181, 175, 0, 0, 0, 105, 1, 15, 169, 0),
(182, 176, 0, 0, 0, 0, 0, 20, 303, 2),
(183, 177, 0, 0, 0, 0, 0, 28, 370, 1),
(184, 178, 4, 55, 0, 0, 0, 0, 0, 0),
(185, 179, 0, 0, 0, 386, 4, 17, 116, 0),
(186, 180, 0, 0, 0, 0, 0, 32, 321, 2),
(187, 181, 0, 0, 0, 0, 0, 25, 216, 1),
(188, 182, 0, 0, 0, 466, 1, 21, 158, 0),
(189, 183, 0, 0, 0, 170, 3, 4, 37, 0),
(190, 184, 0, 0, 0, 30, 0, 23, 138, 0),
(191, 185, 0, 0, 0, 42, 0, 37, 408, 3),
(192, 186, 2, 14, 0, -1, 0, 0, 0, 0),
(193, 187, 0, 0, 0, 0, 0, 30, 477, 3),
(194, 188, 0, 0, 0, 0, 0, 26, 387, 5),
(195, 189, 0, 0, 0, 0, 0, 9, 58, 0),
(196, 190, 0, 0, 0, 392, 3, 11, 87, 0),
(197, 191, 155, 1814, 15, 296, 2, 0, 0, 0),
(198, 192, 0, 0, 0, 224, 1, 30, 398, 3),
(199, 193, 0, 0, 0, 36, 0, 34, 381, 2),
(200, 194, 0, 0, 0, 2, 0, 27, 343, 4),
(201, 195, 0, 0, 0, 0, 0, 25, 285, 2),
(202, 196, 0, 0, 0, 7, 0, 14, 161, 3),
(203, 197, 0, 0, 0, 0, 0, 0, 0, 0),
(204, 198, 0, 0, 0, 345, 1, 6, 37, 1),
(205, 199, 0, 0, 0, 25, 0, 7, 54, 0),
(206, 200, 0, 0, 0, 19, 1, 26, 594, 4),
(207, 201, 0, 0, 0, 0, 0, 28, 340, 4),
(208, 202, 0, 0, 0, 0, 0, 24, 419, 3),
(209, 203, 0, 0, 0, 0, 0, 11, 114, 3),
(210, 204, 96, 1181, 6, 111, 1, 0, 0, 0),
(211, 205, 0, 0, 0, 408, 7, 47, 393, 2),
(212, 206, 0, 0, 0, 43, 0, 1, 9, 0),
(213, 207, 0, 0, 0, 26, 0, 12, 135, 2),
(214, 208, 0, 0, 0, 0, 0, 23, 230, 1),
(215, 209, 0, 0, 0, 310, 2, 15, 137, 2),
(216, 210, 0, 0, 0, 68, 0, 5, 23, 0),
(217, 211, 0, 0, 0, -4, 0, 24, 324, 3),
(218, 212, 0, 0, 0, 13, 0, 27, 392, 6),
(219, 213, 5, 20, 0, 0, 0, 0, 0, 0),
(220, 214, 0, 0, 0, 0, 0, 33, 321, 2),
(221, 215, 0, 0, 0, 443, 1, 44, 300, 2),
(222, 216, 158, 1646, 13, 309, 4, 0, 0, 0),
(223, 217, 0, 0, 0, 104, 0, 1, 24, 1),
(224, 218, 0, 0, 0, 85, 0, 18, 281, 1),
(225, 219, 0, 0, 0, 0, 0, 32, 401, 3),
(226, 220, 0, 0, 0, 0, 0, 16, 171, 2),
(227, 221, 0, 0, 0, 0, 0, 12, 142, 2),
(228, 222, 171, 2425, 17, 62, 0, 0, 0, 0),
(229, 223, 0, 0, 0, 25, 0, 30, 438, 5),
(230, 224, 0, 0, 0, 90, 0, 46, 672, 3),
(231, 225, 0, 0, 0, 0, 0, 6, 70, 1),
(232, 226, 0, 0, 0, 213, 0, 5, 62, 0),
(233, 227, 0, 0, 0, 441, 2, 9, 66, 1),
(234, 228, 0, 0, 0, 0, 0, 39, 613, 3),
(235, 229, 0, 0, 0, 0, 0, 23, 275, 1),
(236, 230, 0, 0, 0, 0, 0, 2, 61, 1),
(237, 231, 0, 0, 0, 11, 0, 10, 240, 3),
(238, 232, 50, 400, 2, 7, 0, 0, 0, 0),
(239, 233, 0, 0, 0, 12, 0, 31, 410, 2),
(240, 234, 0, 0, 0, 135, 0, 6, 62, 0),
(241, 235, 0, 0, 0, 457, 2, 8, 80, 0),
(242, 236, 0, 0, 0, 31, 0, 20, 394, 6),
(243, 237, 0, 0, 0, 0, 0, 11, 136, 1),
(244, 238, 0, 0, 0, 0, 0, 3, 22, 0),
(245, 239, 0, 0, 0, 0, 0, 8, 156, 2),
(246, 240, 0, 0, 0, 0, 0, 9, 118, 0),
(247, 241, 0, 0, 0, 0, 0, 7, 73, 2),
(248, 242, 130, 1471, 8, 91, 0, 0, 0, 0),
(249, 243, 0, 0, 0, 7, 0, 21, 236, 2),
(250, 244, 0, 0, 0, 0, 0, 16, 244, 1),
(251, 245, 0, 0, 0, 0, 0, 19, 195, 0),
(252, 246, 0, 0, 0, 0, 0, 13, 117, 1),
(253, 247, 0, 0, 0, 0, 0, 18, 188, 3),
(254, 248, 1, 52, 1, 16, 0, 26, 391, 4),
(255, 249, 0, 0, 0, 274, 2, 6, 41, 0),
(256, 250, 94, 1072, 5, 48, 0, 0, 0, 0),
(257, 251, 0, 0, 0, 0, 0, 19, 216, 1),
(258, 252, 0, 0, 0, 0, 0, 23, 321, 1),
(259, 253, 0, 0, 0, 0, 0, 21, 196, 1),
(260, 254, 0, 0, 0, 238, 1, 34, 187, 2),
(261, 255, 0, 0, 0, 0, 0, 32, 295, 1),
(262, 256, 0, 0, 0, 8, 0, 14, 127, 0),
(263, 257, 2, 54, 0, 123, 1, 2, 1, 0),
(264, 258, 102, 1252, 8, 69, 1, 0, 0, 0),
(265, 259, 0, 0, 0, 118, 3, 12, 95, 0),
(266, 260, 0, 0, 0, 42, 1, 6, 34, 0),
(267, 261, 42, 465, 0, -1, 0, 0, 0, 0),
(268, 262, 0, 0, 0, 0, 0, 10, 191, 2),
(269, 263, 0, 0, 0, 13, 0, 38, 390, 1),
(270, 264, 6, 75, 1, 129, 1, 0, 0, 0);

-- --------------------------------------------------------

--
-- Table structure for table `stat_records`
--

CREATE TABLE `stat_records` (
  `record_id` int(11) NOT NULL,
  `season_pass_completions_record` varchar(255) NOT NULL,
  `season_pass_yards_record` varchar(11) NOT NULL,
  `season_rush_yards_record` varchar(11) NOT NULL,
  `season_rec_yards_record` varchar(11) NOT NULL,
  `season_pass_tds_record` varchar(11) NOT NULL,
  `season_rush_tds_record` varchar(11) NOT NULL,
  `season_rec_tds_record` varchar(11) NOT NULL,
  `season_total_rec_record` varchar(11) NOT NULL,
  `career_pass_completions_record` varchar(255) NOT NULL,
  `career_pass_yards_record` varchar(11) NOT NULL,
  `career_rush_yards_record` varchar(11) NOT NULL,
  `career_rec_yards_record` varchar(11) NOT NULL,
  `career_pass_tds_record` varchar(11) NOT NULL,
  `career_rush_tds_record` varchar(11) NOT NULL,
  `career_rec_tds_record` varchar(11) NOT NULL,
  `career_total_rec_record` varchar(11) NOT NULL,
  `playoff_pass_completions_record` varchar(255) NOT NULL,
  `playoff_pass_yards_record` varchar(11) NOT NULL,
  `playoff_rush_yards_record` varchar(11) NOT NULL,
  `playoff_rec_yards_record` varchar(11) NOT NULL,
  `playoff_pass_tds_record` varchar(11) NOT NULL,
  `playoff_rush_tds_record` varchar(11) NOT NULL,
  `playoff_rec_tds_record` varchar(11) NOT NULL,
  `playoff_total_rec_record` varchar(11) NOT NULL
) ENGINE=InnoDB DEFAULT CHARSET=latin1;

--
-- Dumping data for table `stat_records`
--

INSERT INTO `stat_records` (`record_id`, `season_pass_completions_record`, `season_pass_yards_record`, `season_rush_yards_record`, `season_rec_yards_record`, `season_pass_tds_record`, `season_rush_tds_record`, `season_rec_tds_record`, `season_total_rec_record`, `career_pass_completions_record`, `career_pass_yards_record`, `career_rush_yards_record`, `career_rec_yards_record`, `career_pass_tds_record`, `career_rush_tds_record`, `career_rec_tds_record`, `career_total_rec_record`, `playoff_pass_completions_record`, `playoff_pass_yards_record`, `playoff_rush_yards_record`, `playoff_rec_yards_record`, `playoff_pass_tds_record`, `playoff_rush_tds_record`, `playoff_rec_tds_record`, `playoff_total_rec_record`) VALUES
(1, '471', '5477', '2105', '1964', '55', '28', '23', '143', '6326', '71940', '18355', '22895', '539', '164', '197', '1549', '590', '10226', '2105', '2245', '71', '19', '22', '151');

-- --------------------------------------------------------

--
-- Table structure for table `teams`
--

CREATE TABLE `teams` (
  `team_id` int(11) NOT NULL,
  `team_city` varchar(20) NOT NULL,
  `team_name` varchar(20) NOT NULL
) ENGINE=InnoDB DEFAULT CHARSET=latin1;

--
-- Dumping data for table `teams`
--

INSERT INTO `teams` (`team_id`, `team_city`, `team_name`) VALUES
(1, 'Arizona', 'Cardinals'),
(2, 'Atlanta', 'Falcons'),
(3, 'Baltimore ', 'Ravens'),
(4, 'Buffalo ', 'Bills'),
(5, 'Carolina ', 'Panthers'),
(6, 'Chicago ', 'Bears'),
(7, 'Cincinnati ', 'Bengals'),
(8, 'Cleveland ', 'Browns'),
(9, 'Dallas ', 'Cowboys'),
(10, 'Denver ', 'Broncos'),
(11, 'Detroit ', 'Lions'),
(12, 'Green Bay ', 'Packers'),
(13, 'Houston ', 'Texans'),
(14, 'Indianapolis ', 'Colts'),
(15, 'Jacksonville ', 'Jaguars'),
(16, 'Kansas City ', 'Chiefs'),
(17, 'Los Angeles ', 'Chargers'),
(18, 'Los Angeles ', 'Rams'),
(19, 'Miami ', 'Dolphins'),
(20, 'Minnesota ', 'Vikings'),
(21, 'New England ', 'Patriots'),
(22, 'New Orleans ', 'Saints'),
(23, 'New York ', 'Giants'),
(24, 'New York ', 'Jets'),
(25, 'Oakland ', 'Raiders'),
(26, 'Philadelphia ', 'Eagles'),
(27, 'Pittsburgh ', 'Steelers'),
(28, 'San Francisco ', 'FortyNiners'),
(29, 'Seattle ', 'Seahawks'),
(30, 'Tampa Bay ', 'Buccaneers'),
(31, 'Tennessee ', 'Titans'),
(32, 'Washington ', 'Redskins');

-- --------------------------------------------------------

--
-- Table structure for table `users`
--

CREATE TABLE `users` (
  `user_id` int(11) NOT NULL,
  `username` varchar(255) NOT NULL,
  `user_email` varchar(50) NOT NULL,
  `user_password` varchar(255) NOT NULL,
  `user_firstname` varchar(255) NOT NULL,
  `user_lastname` varchar(255) NOT NULL,
  `user_role` varchar(255) NOT NULL
) ENGINE=InnoDB DEFAULT CHARSET=latin1;

--
-- Dumping data for table `users`
--

INSERT INTO `users` (`user_id`, `username`, `user_email`, `user_password`, `user_firstname`, `user_lastname`, `user_role`) VALUES
(7, 'james', 'jdegaris@gmail.com', '$2y$12$tVb9xaV9T0o.1vtqdAuihuUfzK3mANjOnX./r3/XXW1Ch42bX0z8C', 'James', 'DeGaris', 'admin'),
(8, 'naty', 'nataliaq0116@gmail.com', '$2y$12$QyOcdGl5lGHZeDmM6tnGD.JryhVxzUAikFlv8u0chTkpkGojFOAEW', 'Natalia', 'Quintana', 'user');

--
-- Indexes for dumped tables
--

--
-- Indexes for table `career_stats`
--
ALTER TABLE `career_stats`
  ADD PRIMARY KEY (`career_stats_id`);

--
-- Indexes for table `players`
--
ALTER TABLE `players`
  ADD PRIMARY KEY (`player_id`);

--
-- Indexes for table `playoff_stats`
--
ALTER TABLE `playoff_stats`
  ADD PRIMARY KEY (`playoff_stats_id`);

--
-- Indexes for table `positions`
--
ALTER TABLE `positions`
  ADD PRIMARY KEY (`position_id`);

--
-- Indexes for table `season_stats`
--
ALTER TABLE `season_stats`
  ADD PRIMARY KEY (`season_stats_id`);

--
-- Indexes for table `stat_records`
--
ALTER TABLE `stat_records`
  ADD PRIMARY KEY (`record_id`);

--
-- Indexes for table `teams`
--
ALTER TABLE `teams`
  ADD PRIMARY KEY (`team_id`);

--
-- Indexes for table `users`
--
ALTER TABLE `users`
  ADD PRIMARY KEY (`user_id`);

--
-- AUTO_INCREMENT for dumped tables
--

--
-- AUTO_INCREMENT for table `career_stats`
--
ALTER TABLE `career_stats`
  MODIFY `career_stats_id` int(11) NOT NULL AUTO_INCREMENT, AUTO_INCREMENT=271;
--
-- AUTO_INCREMENT for table `playoff_stats`
--
ALTER TABLE `playoff_stats`
  MODIFY `playoff_stats_id` int(11) NOT NULL AUTO_INCREMENT, AUTO_INCREMENT=269;
--
-- AUTO_INCREMENT for table `positions`
--
ALTER TABLE `positions`
  MODIFY `position_id` int(11) NOT NULL AUTO_INCREMENT, AUTO_INCREMENT=10;
--
-- AUTO_INCREMENT for table `season_stats`
--
ALTER TABLE `season_stats`
  MODIFY `season_stats_id` int(11) NOT NULL AUTO_INCREMENT, AUTO_INCREMENT=271;
--
-- AUTO_INCREMENT for table `stat_records`
--
ALTER TABLE `stat_records`
  MODIFY `record_id` int(11) NOT NULL AUTO_INCREMENT, AUTO_INCREMENT=2;
--
-- AUTO_INCREMENT for table `teams`
--
ALTER TABLE `teams`
  MODIFY `team_id` int(11) NOT NULL AUTO_INCREMENT, AUTO_INCREMENT=33;
--
-- AUTO_INCREMENT for table `users`
--
ALTER TABLE `users`
  MODIFY `user_id` int(11) NOT NULL AUTO_INCREMENT, AUTO_INCREMENT=9;COMMIT;

/*!40101 SET CHARACTER_SET_CLIENT=@OLD_CHARACTER_SET_CLIENT */;
/*!40101 SET CHARACTER_SET_RESULTS=@OLD_CHARACTER_SET_RESULTS */;
/*!40101 SET COLLATION_CONNECTION=@OLD_COLLATION_CONNECTION */;
